<?xml version="1.0" encoding="UTF-8"?>
<!-- Written by Eclipse BIRT 2.0 -->
<report xmlns="http://www.eclipse.org/birt/2005/design" version="3.2.6" id="1">
    <property name="createdBy">Eclipse BIRT Designer Version 2.1.1.v20060922-1058 Build &lt;20060926-0959&gt;</property>
    <property name="units">in</property>
    <property name="comments">Copyright (c) 2006 &lt;&lt;Your Company Name here&gt;&gt;</property>
    <parameters>
        <cascading-parameter-group name="customerorders" id="7">
            <property name="dataSetMode">multiple</property>
            <parameters>
                <scalar-parameter name="customer" id="8">
                    <property name="valueType">dynamic</property>
                    <property name="dataType">integer</property>
                    <property name="allowBlank">true</property>
                    <property name="allowNull">false</property>
                    <property name="controlType">list-box</property>
                    <property name="dataSetName">customers</property>
                    <expression name="valueExpr">row["CUSTOMERNUMBER"]</expression>
                    <expression name="labelExpr">row["CUSTOMERNAME"]</expression>
                    <structure name="format">
                        <property name="category">Unformatted</property>
                    </structure>
                </scalar-parameter>
                <scalar-parameter name="order" id="9">
                    <property name="valueType">dynamic</property>
                    <property name="dataType">integer</property>
                    <property name="concealValue">false</property>
                    <property name="allowBlank">true</property>
                    <property name="allowNull">false</property>
                    <property name="controlType">list-box</property>
                    <property name="dataSetName">orders</property>
                    <expression name="valueExpr">row["ORDERNUMBER"]</expression>
                    <expression name="labelExpr">row["ORDERNUMBER"]</expression>
                    <structure name="format">
                        <property name="category">Unformatted</property>
                    </structure>
                </scalar-parameter>
            </parameters>
        </cascading-parameter-group>
    </parameters>
    <data-sources>
        <oda-data-source extensionID="org.eclipse.birt.report.data.oda.jdbc" name="Data Source" id="4">
            <text-property name="displayName"/>
            <property name="odaDriverClass">org.eclipse.birt.report.data.oda.sampledb.Driver</property>
            <property name="odaURL">jdbc:classicmodels:sampledb</property>
            <property name="odaUser">ClassicModels</property>
            <encrypted-property name="odaPassword"/>
        </oda-data-source>
    </data-sources>
    <data-sets>
        <oda-data-set extensionID="org.eclipse.birt.report.data.oda.jdbc.JdbcSelectDataSet" name="customers" id="5">
            <structure name="cachedMetaData">
                <list-property name="resultSet">
                    <structure>
                        <property name="position">1</property>
                        <property name="name">CUSTOMERNAME</property>
                        <property name="dataType">string</property>
                    </structure>
                    <structure>
                        <property name="position">2</property>
                        <property name="name">CUSTOMERNUMBER</property>
                        <property name="dataType">integer</property>
                    </structure>
                </list-property>
            </structure>
            <property name="dataSource">Data Source</property>
            <list-property name="resultSet">
                <structure>
                    <property name="position">1</property>
                    <property name="name">CUSTOMERNAME</property>
                    <property name="nativeName">CUSTOMERNAME</property>
                    <property name="dataType">string</property>
                    <property name="nativeDataType">12</property>
                </structure>
                <structure>
                    <property name="position">2</property>
                    <property name="name">CUSTOMERNUMBER</property>
                    <property name="nativeName">CUSTOMERNUMBER</property>
                    <property name="dataType">integer</property>
                    <property name="nativeDataType">4</property>
                </structure>
            </list-property>
            <property name="queryText">select CLASSICMODELS.CUSTOMERS.CUSTOMERNAME, CLASSICMODELS.CUSTOMERS.CUSTOMERNUMBER
from CLASSICMODELS.CUSTOMERS</property>
            <xml-property name="designerValues"><![CDATA[<?xml version="1.0" encoding="UTF-8"?>
<model:DesignValues xmlns:design="http://www.eclipse.org/datatools/connectivity/oda/design" xmlns:model="http://www.eclipse.org/birt/report/model/adapter/odaModel">
  <Version>1.0</Version>
  <design:ResultSets derivedMetaData="true">
    <design:resultSetDefinitions>
      <design:resultSetColumns>
        <design:resultColumnDefinitions>
          <design:attributes>
            <design:name>CUSTOMERNAME</design:name>
            <design:position>1</design:position>
            <design:nativeDataTypeCode>12</design:nativeDataTypeCode>
            <design:precision>50</design:precision>
            <design:scale>0</design:scale>
            <design:nullability>Nullable</design:nullability>
          </design:attributes>
          <design:usageHints>
            <design:label>CUSTOMERNAME</design:label>
            <design:formattingHints>
              <design:displaySize>50</design:displaySize>
            </design:formattingHints>
          </design:usageHints>
        </design:resultColumnDefinitions>
        <design:resultColumnDefinitions>
          <design:attributes>
            <design:name>CUSTOMERNUMBER</design:name>
            <design:position>2</design:position>
            <design:nativeDataTypeCode>4</design:nativeDataTypeCode>
            <design:precision>10</design:precision>
            <design:scale>0</design:scale>
            <design:nullability>Nullable</design:nullability>
          </design:attributes>
          <design:usageHints>
            <design:label>CUSTOMERNUMBER</design:label>
            <design:formattingHints>
              <design:displaySize>11</design:displaySize>
            </design:formattingHints>
          </design:usageHints>
        </design:resultColumnDefinitions>
      </design:resultSetColumns>
    </design:resultSetDefinitions>
    <design:resultSetDefinitions>
      <design:resultSetColumns>
        <design:resultColumnDefinitions>
          <design:attributes>
            <design:name>CUSTOMERNUMBER</design:name>
            <design:position>1</design:position>
            <design:nativeDataTypeCode>4</design:nativeDataTypeCode>
          </design:attributes>
        </design:resultColumnDefinitions>
      </design:resultSetColumns>
    </design:resultSetDefinitions>
  </design:ResultSets>
</model:DesignValues>]]></xml-property>
        </oda-data-set>
        <oda-data-set extensionID="org.eclipse.birt.report.data.oda.jdbc.JdbcSelectDataSet" name="orders" id="6">
            <structure name="cachedMetaData">
                <list-property name="resultSet">
                    <structure>
                        <property name="position">1</property>
                        <property name="name">ORDERNUMBER</property>
                        <property name="dataType">integer</property>
                    </structure>
                    <structure>
                        <property name="position">2</property>
                        <property name="name">ORDERDATE</property>
                        <property name="dataType">date-time</property>
                    </structure>
                    <structure>
                        <property name="position">3</property>
                        <property name="name">REQUIREDDATE</property>
                        <property name="dataType">date-time</property>
                    </structure>
                    <structure>
                        <property name="position">4</property>
                        <property name="name">SHIPPEDDATE</property>
                        <property name="dataType">date-time</property>
                    </structure>
                    <structure>
                        <property name="position">5</property>
                        <property name="name">STATUS</property>
                        <property name="dataType">string</property>
                    </structure>
                    <structure>
                        <property name="position">6</property>
                        <property name="name">COMMENTS</property>
                        <property name="dataType">string</property>
                    </structure>
                    <structure>
                        <property name="position">7</property>
                        <property name="name">CUSTOMERNUMBER</property>
                        <property name="dataType">integer</property>
                    </structure>
                </list-property>
            </structure>
            <property name="dataSource">Data Source</property>
            <list-property name="parameters">
                <structure>
                    <property name="name">param1</property>
                    <property name="paramName">customer</property>
                    <property name="nativeName"/>
                    <property name="dataType">integer</property>
                    <property name="nativeDataType">4</property>
                    <property name="position">1</property>
                    <property name="isOptional">true</property>
                    <property name="isInput">true</property>
                </structure>
            </list-property>
            <list-property name="resultSet">
                <structure>
                    <property name="position">1</property>
                    <property name="name">ORDERNUMBER</property>
                    <property name="nativeName">ORDERNUMBER</property>
                    <property name="dataType">integer</property>
                    <property name="nativeDataType">4</property>
                </structure>
                <structure>
                    <property name="position">2</property>
                    <property name="name">ORDERDATE</property>
                    <property name="nativeName">ORDERDATE</property>
                    <property name="dataType">date-time</property>
                    <property name="nativeDataType">91</property>
                </structure>
                <structure>
                    <property name="position">3</property>
                    <property name="name">REQUIREDDATE</property>
                    <property name="nativeName">REQUIREDDATE</property>
                    <property name="dataType">date-time</property>
                    <property name="nativeDataType">91</property>
                </structure>
                <structure>
                    <property name="position">4</property>
                    <property name="name">SHIPPEDDATE</property>
                    <property name="nativeName">SHIPPEDDATE</property>
                    <property name="dataType">date-time</property>
                    <property name="nativeDataType">91</property>
                </structure>
                <structure>
                    <property name="position">5</property>
                    <property name="name">STATUS</property>
                    <property name="nativeName">STATUS</property>
                    <property name="dataType">string</property>
                    <property name="nativeDataType">12</property>
                </structure>
                <structure>
                    <property name="position">6</property>
                    <property name="name">COMMENTS</property>
                    <property name="nativeName">COMMENTS</property>
                    <property name="dataType">string</property>
                    <property name="nativeDataType">12</property>
                </structure>
                <structure>
                    <property name="position">7</property>
                    <property name="name">CUSTOMERNUMBER</property>
                    <property name="nativeName">CUSTOMERNUMBER</property>
                    <property name="dataType">integer</property>
                    <property name="nativeDataType">4</property>
                </structure>
            </list-property>
            <property name="queryText">select *
from CLASSICMODELS.ORDERS
where CLASSICMODELS.ORDERS.CUSTOMERNUMBER = ?</property>
            <xml-property name="designerValues"><![CDATA[<?xml version="1.0" encoding="UTF-8"?>
<model:DesignValues xmlns:design="http://www.eclipse.org/datatools/connectivity/oda/design" xmlns:model="http://www.eclipse.org/birt/report/model/adapter/odaModel">
  <Version>1.0</Version>
  <design:DataSetParameters>
    <design:parameterDefinitions>
      <design:inOutMode>In</design:inOutMode>
      <design:attributes>
        <design:name></design:name>
        <design:position>1</design:position>
        <design:nativeDataTypeCode>4</design:nativeDataTypeCode>
        <design:precision>10</design:precision>
        <design:scale>0</design:scale>
        <design:nullability>Unknown</design:nullability>
        <design:uiHints/>
      </design:attributes>
      <design:inputAttributes>
        <design:elementAttributes>
          <design:optional>true</design:optional>
          <design:masksValue>false</design:masksValue>
          <design:dynamicValueChoices>
            <design:dataSetDesign>
              <design:name>customers</design:name>
              <design:odaExtensionDataSetId>org.eclipse.birt.report.data.oda.jdbc.JdbcSelectDataSet</design:odaExtensionDataSetId>
              <design:dataSourceDesign>
                <design:name>Data Source</design:name>
                <design:odaExtensionId>org.eclipse.birt.report.data.oda.jdbc</design:odaExtensionId>
                <design:displayName></design:displayName>
                <design:publicProperties>
                  <design:properties>
                    <design:nameValue>
                      <design:name>odaDriverClass</design:name>
                      <design:value>org.eclipse.birt.report.data.oda.sampledb.Driver</design:value>
                    </design:nameValue>
                  </design:properties>
                  <design:properties>
                    <design:nameValue>
                      <design:name>odaURL</design:name>
                      <design:value>jdbc:classicmodels:sampledb</design:value>
                    </design:nameValue>
                  </design:properties>
                  <design:properties>
                    <design:nameValue>
                      <design:name>odaDataSource</design:name>
                    </design:nameValue>
                  </design:properties>
                  <design:properties>
                    <design:nameValue>
                      <design:name>odaUser</design:name>
                      <design:value>ClassicModels</design:value>
                    </design:nameValue>
                  </design:properties>
                  <design:properties>
                    <design:nameValue>
                      <design:name>odaPassword</design:name>
                      <design:value></design:value>
                    </design:nameValue>
                  </design:properties>
                  <design:properties>
                    <design:nameValue>
                      <design:name>odaJndiName</design:name>
                    </design:nameValue>
                  </design:properties>
                </design:publicProperties>
              </design:dataSourceDesign>
              <design:query>
                <design:queryText>select CLASSICMODELS.CUSTOMERS.CUSTOMERNAME, CLASSICMODELS.CUSTOMERS.CUSTOMERNUMBER
from CLASSICMODELS.CUSTOMERS</design:queryText>
              </design:query>
              <design:publicProperties>
                <design:properties>
                  <design:nameValue>
                    <design:name>queryTimeOut</design:name>
                  </design:nameValue>
                </design:properties>
              </design:publicProperties>
              <design:resultSets>
                <design:resultSetDefinitions>
                  <design:resultSetColumns>
                    <design:resultColumnDefinitions>
                      <design:attributes>
                        <design:name>CUSTOMERNAME</design:name>
                        <design:position>1</design:position>
                        <design:nativeDataTypeCode>12</design:nativeDataTypeCode>
                      </design:attributes>
                    </design:resultColumnDefinitions>
                    <design:resultColumnDefinitions>
                      <design:attributes>
                        <design:name>CUSTOMERNUMBER</design:name>
                        <design:position>2</design:position>
                        <design:nativeDataTypeCode>4</design:nativeDataTypeCode>
                      </design:attributes>
                    </design:resultColumnDefinitions>
                  </design:resultSetColumns>
                </design:resultSetDefinitions>
              </design:resultSets>
            </design:dataSetDesign>
            <design:enabled>true</design:enabled>
            <design:valueColumn>row[&quot;CUSTOMERNUMBER&quot;]</design:valueColumn>
            <design:displayNameColumn>row[&quot;CUSTOMERNAME&quot;]</design:displayNameColumn>
          </design:dynamicValueChoices>
          <design:uiHints>
            <design:promptStyle>SelectableListWithTextField</design:promptStyle>
          </design:uiHints>
        </design:elementAttributes>
        <design:uiHints/>
      </design:inputAttributes>
    </design:parameterDefinitions>
  </design:DataSetParameters>
  <design:ResultSets>
    <design:resultSetDefinitions>
      <design:resultSetColumns>
        <design:resultColumnDefinitions>
          <design:attributes>
            <design:name>ORDERNUMBER</design:name>
            <design:position>1</design:position>
            <design:nativeDataTypeCode>4</design:nativeDataTypeCode>
          </design:attributes>
        </design:resultColumnDefinitions>
        <design:resultColumnDefinitions>
          <design:attributes>
            <design:name>ORDERDATE</design:name>
            <design:position>2</design:position>
            <design:nativeDataTypeCode>91</design:nativeDataTypeCode>
          </design:attributes>
        </design:resultColumnDefinitions>
        <design:resultColumnDefinitions>
          <design:attributes>
            <design:name>REQUIREDDATE</design:name>
            <design:position>3</design:position>
            <design:nativeDataTypeCode>91</design:nativeDataTypeCode>
          </design:attributes>
        </design:resultColumnDefinitions>
        <design:resultColumnDefinitions>
          <design:attributes>
            <design:name>SHIPPEDDATE</design:name>
            <design:position>4</design:position>
            <design:nativeDataTypeCode>91</design:nativeDataTypeCode>
          </design:attributes>
        </design:resultColumnDefinitions>
        <design:resultColumnDefinitions>
          <design:attributes>
            <design:name>STATUS</design:name>
            <design:position>5</design:position>
            <design:nativeDataTypeCode>12</design:nativeDataTypeCode>
          </design:attributes>
        </design:resultColumnDefinitions>
        <design:resultColumnDefinitions>
          <design:attributes>
            <design:name>COMMENTS</design:name>
            <design:position>6</design:position>
            <design:nativeDataTypeCode>12</design:nativeDataTypeCode>
          </design:attributes>
        </design:resultColumnDefinitions>
        <design:resultColumnDefinitions>
          <design:attributes>
            <design:name>CUSTOMERNUMBER</design:name>
            <design:position>7</design:position>
            <design:nativeDataTypeCode>4</design:nativeDataTypeCode>
          </design:attributes>
        </design:resultColumnDefinitions>
      </design:resultSetColumns>
    </design:resultSetDefinitions>
  </design:ResultSets>
</model:DesignValues>]]></xml-property>
        </oda-data-set>
        <oda-data-set extensionID="org.eclipse.birt.report.data.oda.jdbc.JdbcSelectDataSet" name="orderdetails" id="10">
            <structure name="cachedMetaData">
                <list-property name="resultSet">
                    <structure>
                        <property name="position">1</property>
                        <property name="name">ORDERNUMBER</property>
                        <property name="dataType">integer</property>
                    </structure>
                    <structure>
                        <property name="position">2</property>
                        <property name="name">PRODUCTCODE</property>
                        <property name="dataType">string</property>
                    </structure>
                    <structure>
                        <property name="position">3</property>
                        <property name="name">QUANTITYORDERED</property>
                        <property name="dataType">integer</property>
                    </structure>
                    <structure>
                        <property name="position">4</property>
                        <property name="name">PRICEEACH</property>
                        <property name="dataType">float</property>
                    </structure>
                    <structure>
                        <property name="position">5</property>
                        <property name="name">ORDERLINENUMBER</property>
                        <property name="dataType">integer</property>
                    </structure>
                </list-property>
            </structure>
            <property name="dataSource">Data Source</property>
            <list-property name="parameters">
                <structure>
                    <property name="name">param1</property>
                    <property name="paramName">order</property>
                    <property name="nativeName"/>
                    <property name="dataType">integer</property>
                    <property name="nativeDataType">4</property>
                    <property name="position">1</property>
                    <property name="isOptional">true</property>
                    <property name="isInput">true</property>
                </structure>
            </list-property>
            <list-property name="resultSet">
                <structure>
                    <property name="position">1</property>
                    <property name="name">ORDERNUMBER</property>
                    <property name="nativeName">ORDERNUMBER</property>
                    <property name="dataType">integer</property>
                    <property name="nativeDataType">4</property>
                </structure>
                <structure>
                    <property name="position">2</property>
                    <property name="name">PRODUCTCODE</property>
                    <property name="nativeName">PRODUCTCODE</property>
                    <property name="dataType">string</property>
                    <property name="nativeDataType">12</property>
                </structure>
                <structure>
                    <property name="position">3</property>
                    <property name="name">QUANTITYORDERED</property>
                    <property name="nativeName">QUANTITYORDERED</property>
                    <property name="dataType">integer</property>
                    <property name="nativeDataType">4</property>
                </structure>
                <structure>
                    <property name="position">4</property>
                    <property name="name">PRICEEACH</property>
                    <property name="nativeName">PRICEEACH</property>
                    <property name="dataType">float</property>
                    <property name="nativeDataType">8</property>
                </structure>
                <structure>
                    <property name="position">5</property>
                    <property name="name">ORDERLINENUMBER</property>
                    <property name="nativeName">ORDERLINENUMBER</property>
                    <property name="dataType">integer</property>
                    <property name="nativeDataType">5</property>
                </structure>
            </list-property>
            <property name="queryText">select *
from CLASSICMODELS.ORDERDETAILS
where CLASSICMODELS.ORDERDETAILS.ORDERNUMBER = ?</property>
            <xml-property name="designerValues"><![CDATA[<?xml version="1.0" encoding="UTF-8"?>
<model:DesignValues xmlns:design="http://www.eclipse.org/datatools/connectivity/oda/design" xmlns:model="http://www.eclipse.org/birt/report/model/adapter/odaModel">
  <Version>1.0</Version>
  <design:DataSetParameters>
    <design:parameterDefinitions>
      <design:inOutMode>In</design:inOutMode>
      <design:attributes>
        <design:name></design:name>
        <design:position>1</design:position>
        <design:nativeDataTypeCode>4</design:nativeDataTypeCode>
        <design:precision>10</design:precision>
        <design:scale>0</design:scale>
        <design:nullability>Unknown</design:nullability>
        <design:uiHints/>
      </design:attributes>
      <design:inputAttributes>
        <design:elementAttributes>
          <design:optional>true</design:optional>
          <design:masksValue>false</design:masksValue>
          <design:dynamicValueChoices>
            <design:dataSetDesign>
              <design:name>orders</design:name>
              <design:odaExtensionDataSetId>org.eclipse.birt.report.data.oda.jdbc.JdbcSelectDataSet</design:odaExtensionDataSetId>
              <design:dataSourceDesign>
                <design:name>Data Source</design:name>
                <design:odaExtensionId>org.eclipse.birt.report.data.oda.jdbc</design:odaExtensionId>
                <design:displayName></design:displayName>
                <design:publicProperties>
                  <design:properties>
                    <design:nameValue>
                      <design:name>odaDriverClass</design:name>
                      <design:value>org.eclipse.birt.report.data.oda.sampledb.Driver</design:value>
                    </design:nameValue>
                  </design:properties>
                  <design:properties>
                    <design:nameValue>
                      <design:name>odaURL</design:name>
                      <design:value>jdbc:classicmodels:sampledb</design:value>
                    </design:nameValue>
                  </design:properties>
                  <design:properties>
                    <design:nameValue>
                      <design:name>odaDataSource</design:name>
                    </design:nameValue>
                  </design:properties>
                  <design:properties>
                    <design:nameValue>
                      <design:name>odaUser</design:name>
                      <design:value>ClassicModels</design:value>
                    </design:nameValue>
                  </design:properties>
                  <design:properties>
                    <design:nameValue>
                      <design:name>odaPassword</design:name>
                      <design:value></design:value>
                    </design:nameValue>
                  </design:properties>
                  <design:properties>
                    <design:nameValue>
                      <design:name>odaJndiName</design:name>
                    </design:nameValue>
                  </design:properties>
                </design:publicProperties>
              </design:dataSourceDesign>
              <design:query>
                <design:queryText>select *
from CLASSICMODELS.ORDERS
where CLASSICMODELS.ORDERS.CUSTOMERNUMBER = ?</design:queryText>
              </design:query>
              <design:publicProperties>
                <design:properties>
                  <design:nameValue>
                    <design:name>queryTimeOut</design:name>
                  </design:nameValue>
                </design:properties>
              </design:publicProperties>
              <design:resultSets>
                <design:resultSetDefinitions>
                  <design:resultSetColumns>
                    <design:resultColumnDefinitions>
                      <design:attributes>
                        <design:name>ORDERNUMBER</design:name>
                        <design:position>1</design:position>
                        <design:nativeDataTypeCode>4</design:nativeDataTypeCode>
                      </design:attributes>
                    </design:resultColumnDefinitions>
                    <design:resultColumnDefinitions>
                      <design:attributes>
                        <design:name>ORDERDATE</design:name>
                        <design:position>2</design:position>
                        <design:nativeDataTypeCode>91</design:nativeDataTypeCode>
                      </design:attributes>
                    </design:resultColumnDefinitions>
                    <design:resultColumnDefinitions>
                      <design:attributes>
                        <design:name>REQUIREDDATE</design:name>
                        <design:position>3</design:position>
                        <design:nativeDataTypeCode>91</design:nativeDataTypeCode>
                      </design:attributes>
                    </design:resultColumnDefinitions>
                    <design:resultColumnDefinitions>
                      <design:attributes>
                        <design:name>SHIPPEDDATE</design:name>
                        <design:position>4</design:position>
                        <design:nativeDataTypeCode>91</design:nativeDataTypeCode>
                      </design:attributes>
                    </design:resultColumnDefinitions>
                    <design:resultColumnDefinitions>
                      <design:attributes>
                        <design:name>STATUS</design:name>
                        <design:position>5</design:position>
                        <design:nativeDataTypeCode>12</design:nativeDataTypeCode>
                      </design:attributes>
                    </design:resultColumnDefinitions>
                    <design:resultColumnDefinitions>
                      <design:attributes>
                        <design:name>COMMENTS</design:name>
                        <design:position>6</design:position>
                        <design:nativeDataTypeCode>12</design:nativeDataTypeCode>
                      </design:attributes>
                    </design:resultColumnDefinitions>
                    <design:resultColumnDefinitions>
                      <design:attributes>
                        <design:name>CUSTOMERNUMBER</design:name>
                        <design:position>7</design:position>
                        <design:nativeDataTypeCode>4</design:nativeDataTypeCode>
                      </design:attributes>
                    </design:resultColumnDefinitions>
                  </design:resultSetColumns>
                </design:resultSetDefinitions>
              </design:resultSets>
              <design:parameters>
                <design:parameterDefinitions>
                  <design:inOutMode>In</design:inOutMode>
                  <design:attributes>
                    <design:name></design:name>
                    <design:position>1</design:position>
                    <design:nativeDataTypeCode>4</design:nativeDataTypeCode>
                    <design:precision>10</design:precision>
                    <design:scale>0</design:scale>
                    <design:nullability>Unknown</design:nullability>
                    <design:uiHints/>
                  </design:attributes>
                  <design:inputAttributes>
                    <design:elementAttributes>
                      <design:optional>true</design:optional>
                      <design:masksValue>false</design:masksValue>
                      <design:dynamicValueChoices>
                        <design:dataSetDesign>
                          <design:name>customers</design:name>
                          <design:odaExtensionDataSetId>org.eclipse.birt.report.data.oda.jdbc.JdbcSelectDataSet</design:odaExtensionDataSetId>
                          <design:dataSourceDesign>
                            <design:name>Data Source</design:name>
                            <design:odaExtensionId>org.eclipse.birt.report.data.oda.jdbc</design:odaExtensionId>
                            <design:displayName></design:displayName>
                            <design:publicProperties>
                              <design:properties>
                                <design:nameValue>
                                  <design:name>odaDriverClass</design:name>
                                  <design:value>org.eclipse.birt.report.data.oda.sampledb.Driver</design:value>
                                </design:nameValue>
                              </design:properties>
                              <design:properties>
                                <design:nameValue>
                                  <design:name>odaURL</design:name>
                                  <design:value>jdbc:classicmodels:sampledb</design:value>
                                </design:nameValue>
                              </design:properties>
                              <design:properties>
                                <design:nameValue>
                                  <design:name>odaDataSource</design:name>
                                </design:nameValue>
                              </design:properties>
                              <design:properties>
                                <design:nameValue>
                                  <design:name>odaUser</design:name>
                                  <design:value>ClassicModels</design:value>
                                </design:nameValue>
                              </design:properties>
                              <design:properties>
                                <design:nameValue>
                                  <design:name>odaPassword</design:name>
                                  <design:value></design:value>
                                </design:nameValue>
                              </design:properties>
                              <design:properties>
                                <design:nameValue>
                                  <design:name>odaJndiName</design:name>
                                </design:nameValue>
                              </design:properties>
                            </design:publicProperties>
                          </design:dataSourceDesign>
                          <design:query>
                            <design:queryText>select CLASSICMODELS.CUSTOMERS.CUSTOMERNAME, CLASSICMODELS.CUSTOMERS.CUSTOMERNUMBER
from CLASSICMODELS.CUSTOMERS</design:queryText>
                          </design:query>
                          <design:publicProperties>
                            <design:properties>
                              <design:nameValue>
                                <design:name>queryTimeOut</design:name>
                              </design:nameValue>
                            </design:properties>
                          </design:publicProperties>
                          <design:resultSets>
                            <design:resultSetDefinitions>
                              <design:resultSetColumns>
                                <design:resultColumnDefinitions>
                                  <design:attributes>
                                    <design:name>CUSTOMERNAME</design:name>
                                    <design:position>1</design:position>
                                    <design:nativeDataTypeCode>12</design:nativeDataTypeCode>
                                  </design:attributes>
                                </design:resultColumnDefinitions>
                                <design:resultColumnDefinitions>
                                  <design:attributes>
                                    <design:name>CUSTOMERNUMBER</design:name>
                                    <design:position>2</design:position>
                                    <design:nativeDataTypeCode>4</design:nativeDataTypeCode>
                                  </design:attributes>
                                </design:resultColumnDefinitions>
                              </design:resultSetColumns>
                            </design:resultSetDefinitions>
                          </design:resultSets>
                        </design:dataSetDesign>
                        <design:enabled>true</design:enabled>
                        <design:valueColumn>row[&quot;CUSTOMERNUMBER&quot;]</design:valueColumn>
                        <design:displayNameColumn>row[&quot;CUSTOMERNAME&quot;]</design:displayNameColumn>
                      </design:dynamicValueChoices>
                      <design:uiHints>
                        <design:promptStyle>SelectableListWithTextField</design:promptStyle>
                      </design:uiHints>
                    </design:elementAttributes>
                    <design:uiHints/>
                  </design:inputAttributes>
                </design:parameterDefinitions>
              </design:parameters>
            </design:dataSetDesign>
            <design:enabled>true</design:enabled>
            <design:valueColumn>row[&quot;ORDERNUMBER&quot;]</design:valueColumn>
            <design:displayNameColumn>row[&quot;ORDERNUMBER&quot;]</design:displayNameColumn>
          </design:dynamicValueChoices>
          <design:uiHints>
            <design:promptStyle>SelectableListWithTextField</design:promptStyle>
          </design:uiHints>
        </design:elementAttributes>
        <design:uiHints/>
      </design:inputAttributes>
    </design:parameterDefinitions>
  </design:DataSetParameters>
  <design:ResultSets derivedMetaData="true">
    <design:resultSetDefinitions>
      <design:resultSetColumns>
        <design:resultColumnDefinitions>
          <design:attributes>
            <design:name>ORDERNUMBER</design:name>
            <design:position>1</design:position>
            <design:nativeDataTypeCode>4</design:nativeDataTypeCode>
            <design:precision>10</design:precision>
            <design:scale>0</design:scale>
            <design:nullability>Nullable</design:nullability>
          </design:attributes>
          <design:usageHints>
            <design:label>ORDERNUMBER</design:label>
            <design:formattingHints>
              <design:displaySize>11</design:displaySize>
            </design:formattingHints>
          </design:usageHints>
        </design:resultColumnDefinitions>
        <design:resultColumnDefinitions>
          <design:attributes>
            <design:name>PRODUCTCODE</design:name>
            <design:position>2</design:position>
            <design:nativeDataTypeCode>12</design:nativeDataTypeCode>
            <design:precision>15</design:precision>
            <design:scale>0</design:scale>
            <design:nullability>Nullable</design:nullability>
          </design:attributes>
          <design:usageHints>
            <design:label>PRODUCTCODE</design:label>
            <design:formattingHints>
              <design:displaySize>15</design:displaySize>
            </design:formattingHints>
          </design:usageHints>
        </design:resultColumnDefinitions>
        <design:resultColumnDefinitions>
          <design:attributes>
            <design:name>QUANTITYORDERED</design:name>
            <design:position>3</design:position>
            <design:nativeDataTypeCode>4</design:nativeDataTypeCode>
            <design:precision>10</design:precision>
            <design:scale>0</design:scale>
            <design:nullability>Nullable</design:nullability>
          </design:attributes>
          <design:usageHints>
            <design:label>QUANTITYORDERED</design:label>
            <design:formattingHints>
              <design:displaySize>11</design:displaySize>
            </design:formattingHints>
          </design:usageHints>
        </design:resultColumnDefinitions>
        <design:resultColumnDefinitions>
          <design:attributes>
            <design:name>PRICEEACH</design:name>
            <design:position>4</design:position>
            <design:nativeDataTypeCode>8</design:nativeDataTypeCode>
            <design:precision>15</design:precision>
            <design:scale>0</design:scale>
            <design:nullability>Nullable</design:nullability>
          </design:attributes>
          <design:usageHints>
            <design:label>PRICEEACH</design:label>
            <design:formattingHints>
              <design:displaySize>22</design:displaySize>
            </design:formattingHints>
          </design:usageHints>
        </design:resultColumnDefinitions>
        <design:resultColumnDefinitions>
          <design:attributes>
            <design:name>ORDERLINENUMBER</design:name>
            <design:position>5</design:position>
            <design:nativeDataTypeCode>5</design:nativeDataTypeCode>
            <design:precision>5</design:precision>
            <design:scale>0</design:scale>
            <design:nullability>Nullable</design:nullability>
          </design:attributes>
          <design:usageHints>
            <design:label>ORDERLINENUMBER</design:label>
            <design:formattingHints>
              <design:displaySize>6</design:displaySize>
            </design:formattingHints>
          </design:usageHints>
        </design:resultColumnDefinitions>
      </design:resultSetColumns>
    </design:resultSetDefinitions>
    <design:resultSetDefinitions>
      <design:resultSetColumns>
        <design:resultColumnDefinitions>
          <design:attributes>
            <design:name>ORDERNUMBER</design:name>
            <design:position>1</design:position>
            <design:nativeDataTypeCode>4</design:nativeDataTypeCode>
          </design:attributes>
        </design:resultColumnDefinitions>
        <design:resultColumnDefinitions>
          <design:attributes>
            <design:name>PRODUCTCODE</design:name>
            <design:position>2</design:position>
            <design:nativeDataTypeCode>12</design:nativeDataTypeCode>
          </design:attributes>
        </design:resultColumnDefinitions>
        <design:resultColumnDefinitions>
          <design:attributes>
            <design:name>QUANTITYORDERED</design:name>
            <design:position>3</design:position>
            <design:nativeDataTypeCode>4</design:nativeDataTypeCode>
          </design:attributes>
        </design:resultColumnDefinitions>
        <design:resultColumnDefinitions>
          <design:attributes>
            <design:name>PRICEEACH</design:name>
            <design:position>4</design:position>
            <design:nativeDataTypeCode>8</design:nativeDataTypeCode>
          </design:attributes>
        </design:resultColumnDefinitions>
        <design:resultColumnDefinitions>
          <design:attributes>
            <design:name>ORDERLINENUMBER</design:name>
            <design:position>5</design:position>
            <design:nativeDataTypeCode>5</design:nativeDataTypeCode>
          </design:attributes>
        </design:resultColumnDefinitions>
      </design:resultSetColumns>
    </design:resultSetDefinitions>
  </design:ResultSets>
</model:DesignValues>]]></xml-property>
        </oda-data-set>
    </data-sets>
    <styles>
        <style name="table-footer" id="50">
            <property name="backgroundColor">#9E8028</property>
            <property name="fontFamily">sans-serif</property>
            <property name="fontSize">small</property>
            <property name="fontWeight">bold</property>
            <property name="color">#F5EFDA</property>
        </style>
        <style name="table-header" id="51">
            <property name="backgroundColor">#9E8028</property>
            <property name="fontFamily">sans-serif</property>
            <property name="fontSize">small</property>
            <property name="fontWeight">bold</property>
            <property name="color">#F5EFDA</property>
        </style>
        <style name="table-detail" id="52">
            <property name="backgroundColor">#FAF5E2</property>
            <property name="fontFamily">sans-serif</property>
            <property name="fontSize">x-small</property>
            <property name="color">#645219</property>
            <property name="borderBottomColor">#9E8028</property>
            <property name="borderBottomStyle">solid</property>
            <property name="borderBottomWidth">thin</property>
            <property name="borderLeftColor">#9E8028</property>
            <property name="borderLeftStyle">solid</property>
            <property name="borderLeftWidth">thin</property>
            <property name="borderRightColor">#9E8028</property>
            <property name="borderRightStyle">solid</property>
            <property name="borderRightWidth">thin</property>
            <property name="borderTopColor">#9E8028</property>
            <property name="borderTopStyle">solid</property>
            <property name="borderTopWidth">thin</property>
        </style>
        <style name="group1-header" id="53">
            <property name="backgroundColor">#CAB775</property>
            <property name="fontFamily">sans-serif</property>
            <property name="fontSize">small</property>
            <property name="fontWeight">bold</property>
            <property name="color">#645219</property>
        </style>
        <style name="group1-footer" id="54">
            <property name="backgroundColor">#CAB775</property>
            <property name="fontFamily">sans-serif</property>
            <property name="fontSize">small</property>
            <property name="fontWeight">bold</property>
            <property name="color">#645219</property>
        </style>
        <style name="group2-header" id="55">
            <property name="backgroundColor">#D6C68D</property>
            <property name="fontFamily">sans-serif</property>
            <property name="fontSize">small</property>
            <property name="fontWeight">bold</property>
            <property name="color">#645219</property>
        </style>
        <style name="group2-footer" id="56">
            <property name="backgroundColor">#D6C68D</property>
            <property name="fontFamily">sans-serif</property>
            <property name="fontSize">small</property>
            <property name="fontWeight">bold</property>
            <property name="color">#645219</property>
        </style>
        <style name="group3-header" id="57">
            <property name="backgroundColor">#ECE0B7</property>
            <property name="fontFamily">sans-serif</property>
            <property name="fontSize">small</property>
            <property name="fontWeight">bold</property>
            <property name="color">#645219</property>
        </style>
        <style name="group3-footer" id="58">
            <property name="backgroundColor">#ECE0B7</property>
            <property name="fontFamily">sans-serif</property>
            <property name="fontSize">small</property>
            <property name="fontWeight">bold</property>
            <property name="color">#645219</property>
        </style>
        <style name="report-header" id="59">
            <property name="fontFamily">sans-serif</property>
            <property name="fontSize">medium</property>
            <property name="fontWeight">bold</property>
            <property name="color">#645219</property>
        </style>
        <style name="report-footer" id="60">
            <property name="fontFamily">sans-serif</property>
            <property name="fontSize">medium</property>
            <property name="fontWeight">bold</property>
            <property name="color">#645219</property>
        </style>
    </styles>
    <page-setup>
        <simple-master-page name="Simple MasterPage" id="2">
            <page-footer>
                <text id="3">
                    <property name="contentType">html</property>
                    <text-property name="content"><![CDATA[<value-of>new Date()</value-of>]]></text-property>
                </text>
            </page-footer>
        </simple-master-page>
    </page-setup>
    <body>
        <table id="11">
            <property name="width">100%</property>
            <property name="dataSet">orderdetails</property>
            <list-property name="boundDataColumns">
                <structure>
                    <property name="name">ORDERNUMBER</property>
                    <expression name="expression">dataSetRow["ORDERNUMBER"]</expression>
                    <property name="dataType">integer</property>
                </structure>
                <structure>
                    <property name="name">PRODUCTCODE</property>
                    <expression name="expression">dataSetRow["PRODUCTCODE"]</expression>
                    <property name="dataType">string</property>
                </structure>
                <structure>
                    <property name="name">QUANTITYORDERED</property>
                    <expression name="expression">dataSetRow["QUANTITYORDERED"]</expression>
                    <property name="dataType">integer</property>
                </structure>
                <structure>
                    <property name="name">PRICEEACH</property>
                    <expression name="expression">dataSetRow["PRICEEACH"]</expression>
                    <property name="dataType">float</property>
                </structure>
                <structure>
                    <property name="name">ORDERLINENUMBER</property>
                    <expression name="expression">dataSetRow["ORDERLINENUMBER"]</expression>
                    <property name="dataType">integer</property>
                </structure>
            </list-property>
            <column id="40"/>
            <column id="41"/>
            <column id="42"/>
            <column id="43"/>
            <column id="44"/>
            <header>
                <row id="12">
                    <cell id="13">
                        <label id="14">
                            <text-property name="text">ORDERNUMBER</text-property>
                        </label>
                    </cell>
                    <cell id="15">
                        <label id="16">
                            <text-property name="text">PRODUCTCODE</text-property>
                        </label>
                    </cell>
                    <cell id="17">
                        <label id="18">
                            <text-property name="text">QUANTITYORDERED</text-property>
                        </label>
                    </cell>
                    <cell id="19">
                        <label id="20">
                            <text-property name="text">PRICEEACH</text-property>
                        </label>
                    </cell>
                    <cell id="21">
                        <label id="22">
                            <text-property name="text">ORDERLINENUMBER</text-property>
                        </label>
                    </cell>
                </row>
            </header>
            <detail>
                <row id="23">
                    <cell id="24">
                        <data id="25">
                            <property name="resultSetColumn">ORDERNUMBER</property>
                        </data>
                    </cell>
                    <cell id="26">
                        <data id="27">
                            <property name="resultSetColumn">PRODUCTCODE</property>
                        </data>
                    </cell>
                    <cell id="28">
                        <data id="29">
                            <property name="resultSetColumn">QUANTITYORDERED</property>
                        </data>
                    </cell>
                    <cell id="30">
                        <data id="31">
                            <property name="resultSetColumn">PRICEEACH</property>
                        </data>
                    </cell>
                    <cell id="32">
                        <data id="33">
                            <property name="resultSetColumn">ORDERLINENUMBER</property>
                        </data>
                    </cell>
                </row>
            </detail>
            <footer>
                <row id="34">
                    <cell id="35"/>
                    <cell id="36"/>
                    <cell id="37"/>
                    <cell id="38"/>
                    <cell id="39"/>
                </row>
            </footer>
        </table>
    </body>
</report>