<?xml version="1.0" encoding="UTF-8"?>
<!-- Written by Eclipse BIRT 2.0 -->
<report xmlns="http://www.eclipse.org/birt/2005/design" version="3.2.2" id="1">
    <property name="createdBy">Eclipse BIRT Designer Version 2.1.0.N20060628-1351 Build &lt;20060628-1537&gt;</property>
    <property name="units">in</property>
    <property name="comments">Copyright (c) 2006 &lt;&lt;Your Company Name here&gt;&gt;</property>
    <data-sources>
        <oda-data-source extensionID="org.eclipse.birt.report.data.oda.jdbc" name="srcClassicModels" id="4">
            <property name="odaDriverClass">org.eclipse.birt.report.data.oda.sampledb.Driver</property>
            <property name="odaURL">jdbc:classicmodels:sampledb</property>
            <property name="odaUser">ClassicModels</property>
        </oda-data-source>
    </data-sources>
    <data-sets>
        <oda-data-set extensionID="org.eclipse.birt.report.data.oda.jdbc.JdbcSelectDataSet" name="setOrders" id="5">
            <list-property name="resultSet">
                <structure>
                    <property name="position">1</property>
                    <property name="name">CUSTOMERNAME</property>
                    <property name="dataType">string</property>
                    <property name="nativeDataType">12</property>
                </structure>
                <structure>
                    <property name="position">2</property>
                    <property name="name">ORDERNUMBER</property>
                    <property name="dataType">integer</property>
                    <property name="nativeDataType">4</property>
                </structure>
                <structure>
                    <property name="position">3</property>
                    <property name="name">ORDERDATE</property>
                    <property name="dataType">date-time</property>
                    <property name="nativeDataType">91</property>
                </structure>
                <structure>
                    <property name="position">4</property>
                    <property name="name">STATUS</property>
                    <property name="dataType">string</property>
                    <property name="nativeDataType">12</property>
                </structure>
                <structure>
                    <property name="position">5</property>
                    <property name="name">QUANTITYORDERED</property>
                    <property name="dataType">integer</property>
                    <property name="nativeDataType">4</property>
                </structure>
                <structure>
                    <property name="position">6</property>
                    <property name="name">PRICEEACH</property>
                    <property name="dataType">float</property>
                    <property name="nativeDataType">8</property>
                </structure>
            </list-property>
            <structure name="cachedMetaData">
                <list-property name="resultSet">
                    <structure>
                        <property name="position">1</property>
                        <property name="name">CUSTOMERNAME</property>
                        <property name="dataType">string</property>
                    </structure>
                    <structure>
                        <property name="position">2</property>
                        <property name="name">ORDERNUMBER</property>
                        <property name="dataType">integer</property>
                    </structure>
                    <structure>
                        <property name="position">3</property>
                        <property name="name">ORDERDATE</property>
                        <property name="dataType">date-time</property>
                    </structure>
                    <structure>
                        <property name="position">4</property>
                        <property name="name">STATUS</property>
                        <property name="dataType">string</property>
                    </structure>
                    <structure>
                        <property name="position">5</property>
                        <property name="name">QUANTITYORDERED</property>
                        <property name="dataType">integer</property>
                    </structure>
                    <structure>
                        <property name="position">6</property>
                        <property name="name">PRICEEACH</property>
                        <property name="dataType">float</property>
                    </structure>
                </list-property>
            </structure>
            <property name="dataSource">srcClassicModels</property>
            <property name="queryText">select
	CLASSICMODELS.CUSTOMERS.CUSTOMERNAME,
	CLASSICMODELS.ORDERS.ORDERNUMBER,
	CLASSICMODELS.ORDERS.ORDERDATE,
	CLASSICMODELS.ORDERS.STATUS,
	CLASSICMODELS.ORDERDETAILS.QUANTITYORDERED,
	CLASSICMODELS.ORDERDETAILS.PRICEEACH
from
	CLASSICMODELS.CUSTOMERS,
	CLASSICMODELS.ORDERS,
	CLASSICMODELS.ORDERDETAILS
where
	CLASSICMODELS.CUSTOMERS.CUSTOMERNUMBER = CLASSICMODELS.ORDERS.CUSTOMERNUMBER
and
	CLASSICMODELS.ORDERS.ORDERNUMBER = CLASSICMODELS.ORDERDETAILS.ORDERNUMBER
</property>
        </oda-data-set>
        <oda-data-set extensionID="org.eclipse.birt.report.data.oda.jdbc.JdbcSelectDataSet" name="setCustomerList" id="98">
            <list-property name="resultSet">
                <structure>
                    <property name="position">1</property>
                    <property name="name">CUSTOMERNAME</property>
                    <property name="dataType">string</property>
                    <property name="nativeDataType">12</property>
                </structure>
                <structure>
                    <property name="position">2</property>
                    <property name="name">CONTACTLASTNAME</property>
                    <property name="dataType">string</property>
                    <property name="nativeDataType">12</property>
                </structure>
                <structure>
                    <property name="position">3</property>
                    <property name="name">CONTACTFIRSTNAME</property>
                    <property name="dataType">string</property>
                    <property name="nativeDataType">12</property>
                </structure>
                <structure>
                    <property name="position">4</property>
                    <property name="name">PHONE</property>
                    <property name="dataType">string</property>
                    <property name="nativeDataType">12</property>
                </structure>
                <structure>
                    <property name="position">5</property>
                    <property name="name">ADDRESSLINE1</property>
                    <property name="dataType">string</property>
                    <property name="nativeDataType">12</property>
                </structure>
                <structure>
                    <property name="position">6</property>
                    <property name="name">ADDRESSLINE2</property>
                    <property name="dataType">string</property>
                    <property name="nativeDataType">12</property>
                </structure>
                <structure>
                    <property name="position">7</property>
                    <property name="name">CITY</property>
                    <property name="dataType">string</property>
                    <property name="nativeDataType">12</property>
                </structure>
                <structure>
                    <property name="position">8</property>
                    <property name="name">STATE</property>
                    <property name="dataType">string</property>
                    <property name="nativeDataType">12</property>
                </structure>
                <structure>
                    <property name="position">9</property>
                    <property name="name">POSTALCODE</property>
                    <property name="dataType">string</property>
                    <property name="nativeDataType">12</property>
                </structure>
                <structure>
                    <property name="position">10</property>
                    <property name="name">COUNTRY</property>
                    <property name="dataType">string</property>
                    <property name="nativeDataType">12</property>
                </structure>
                <structure>
                    <property name="position">11</property>
                    <property name="name">CREDITLIMIT</property>
                    <property name="dataType">float</property>
                    <property name="nativeDataType">8</property>
                </structure>
            </list-property>
            <structure name="cachedMetaData">
                <list-property name="resultSet">
                    <structure>
                        <property name="position">1</property>
                        <property name="name">CUSTOMERNAME</property>
                        <property name="dataType">string</property>
                    </structure>
                    <structure>
                        <property name="position">2</property>
                        <property name="name">CONTACTLASTNAME</property>
                        <property name="dataType">string</property>
                    </structure>
                    <structure>
                        <property name="position">3</property>
                        <property name="name">CONTACTFIRSTNAME</property>
                        <property name="dataType">string</property>
                    </structure>
                    <structure>
                        <property name="position">4</property>
                        <property name="name">PHONE</property>
                        <property name="dataType">string</property>
                    </structure>
                    <structure>
                        <property name="position">5</property>
                        <property name="name">ADDRESSLINE1</property>
                        <property name="dataType">string</property>
                    </structure>
                    <structure>
                        <property name="position">6</property>
                        <property name="name">ADDRESSLINE2</property>
                        <property name="dataType">string</property>
                    </structure>
                    <structure>
                        <property name="position">7</property>
                        <property name="name">CITY</property>
                        <property name="dataType">string</property>
                    </structure>
                    <structure>
                        <property name="position">8</property>
                        <property name="name">STATE</property>
                        <property name="dataType">string</property>
                    </structure>
                    <structure>
                        <property name="position">9</property>
                        <property name="name">POSTALCODE</property>
                        <property name="dataType">string</property>
                    </structure>
                    <structure>
                        <property name="position">10</property>
                        <property name="name">COUNTRY</property>
                        <property name="dataType">string</property>
                    </structure>
                    <structure>
                        <property name="position">11</property>
                        <property name="name">CREDITLIMIT</property>
                        <property name="dataType">float</property>
                    </structure>
                </list-property>
            </structure>
            <property name="dataSource">srcClassicModels</property>
            <property name="queryText">select CLASSICMODELS.CUSTOMERS.CUSTOMERNAME,
	CLASSICMODELS.CUSTOMERS.CONTACTLASTNAME,
	CLASSICMODELS.CUSTOMERS.CONTACTFIRSTNAME,
	CLASSICMODELS.CUSTOMERS.PHONE,
	CLASSICMODELS.CUSTOMERS.ADDRESSLINE1,
	CLASSICMODELS.CUSTOMERS.ADDRESSLINE2,
	CLASSICMODELS.CUSTOMERS.CITY,
	CLASSICMODELS.CUSTOMERS.STATE,
	CLASSICMODELS.CUSTOMERS.POSTALCODE,
	CLASSICMODELS.CUSTOMERS.COUNTRY,
	CLASSICMODELS.CUSTOMERS.CREDITLIMIT
from CLASSICMODELS.CUSTOMERS</property>
        </oda-data-set>
        <oda-data-set extensionID="org.eclipse.birt.report.data.oda.jdbc.JdbcSelectDataSet" name="topsales" id="172">
            <list-property name="resultSet">
                <structure>
                    <property name="position">1</property>
                    <property name="name">CONTACTLASTNAME</property>
                    <property name="dataType">string</property>
                    <property name="nativeDataType">12</property>
                </structure>
                <structure>
                    <property name="position">2</property>
                    <property name="name">CONTACTFIRSTNAME</property>
                    <property name="dataType">string</property>
                    <property name="nativeDataType">12</property>
                </structure>
                <structure>
                    <property name="position">3</property>
                    <property name="name">PHONE</property>
                    <property name="dataType">string</property>
                    <property name="nativeDataType">12</property>
                </structure>
                <structure>
                    <property name="position">4</property>
                    <property name="name">CUSTOMERNAME</property>
                    <property name="dataType">string</property>
                    <property name="nativeDataType">12</property>
                </structure>
                <structure>
                    <property name="position">5</property>
                    <property name="name">CUSTOMERNUMBER</property>
                    <property name="dataType">integer</property>
                    <property name="nativeDataType">4</property>
                </structure>
                <structure>
                    <property name="position">6</property>
                    <property name="name">CUSTOMERTOTAL</property>
                    <property name="dataType">float</property>
                    <property name="nativeDataType">8</property>
                </structure>
            </list-property>
            <list-property name="computedColumns">
                <structure>
                    <property name="name">percentoftotal</property>
                    <expression name="expression">(Total.percentSum(row["CUSTOMERTOTAL"])*100).toFixed(2)</expression>
                    <property name="dataType">float</property>
                </structure>
            </list-property>
            <structure name="cachedMetaData">
                <list-property name="resultSet">
                    <structure>
                        <property name="position">1</property>
                        <property name="name">CONTACTLASTNAME</property>
                        <property name="dataType">string</property>
                    </structure>
                    <structure>
                        <property name="position">2</property>
                        <property name="name">CONTACTFIRSTNAME</property>
                        <property name="dataType">string</property>
                    </structure>
                    <structure>
                        <property name="position">3</property>
                        <property name="name">PHONE</property>
                        <property name="dataType">string</property>
                    </structure>
                    <structure>
                        <property name="position">4</property>
                        <property name="name">CUSTOMERNAME</property>
                        <property name="dataType">string</property>
                    </structure>
                    <structure>
                        <property name="position">5</property>
                        <property name="name">CUSTOMERNUMBER</property>
                        <property name="dataType">integer</property>
                    </structure>
                    <structure>
                        <property name="position">6</property>
                        <property name="name">CUSTOMERTOTAL</property>
                        <property name="dataType">float</property>
                    </structure>
                    <structure>
                        <property name="position">7</property>
                        <property name="name">percentoftotal</property>
                        <property name="dataType">float</property>
                    </structure>
                </list-property>
            </structure>
            <property name="dataSource">srcClassicModels</property>
            <property name="queryText">select CLASSICMODELS.CUSTOMERS.CONTACTLASTNAME, CLASSICMODELS.CUSTOMERS.CONTACTFIRSTNAME, CLASSICMODELS.CUSTOMERS.PHONE, CUSTOMERS.CUSTOMERNAME, CUSTOMERS.CUSTOMERNUMBER, sum(ORDERDETAILS.QUANTITYORDERED * ORDERDETAILS.PRICEEACH) as CUSTOMERTOTAL 
from CUSTOMERS, ORDERS, ORDERDETAILS 
where CUSTOMERS.CUSTOMERNUMBER = ORDERS.CUSTOMERNUMBER and ORDERS.ORDERNUMBER = ORDERDETAILS.ORDERNUMBER 
group by CUSTOMERS.CUSTOMERNAME, CUSTOMERS.CUSTOMERNUMBER, CLASSICMODELS.CUSTOMERS.CONTACTLASTNAME,  CLASSICMODELS.CUSTOMERS.CONTACTFIRSTNAME,CLASSICMODELS.CUSTOMERS.PHONE 
order by CUSTOMERTOTAL</property>
        </oda-data-set>
        <oda-data-set extensionID="org.eclipse.birt.report.data.oda.jdbc.JdbcSelectDataSet" name="customerratio" id="256">
            <text-property name="displayName">customerratio</text-property>
            <list-property name="resultSet">
                <structure>
                    <property name="position">1</property>
                    <property name="name">CUSTOMERNAME</property>
                    <property name="dataType">string</property>
                    <property name="nativeDataType">12</property>
                </structure>
                <structure>
                    <property name="position">2</property>
                    <property name="name">CUSTOMERNUMBER</property>
                    <property name="dataType">integer</property>
                    <property name="nativeDataType">4</property>
                </structure>
                <structure>
                    <property name="position">3</property>
                    <property name="name">CREDITLIMIT</property>
                    <property name="dataType">float</property>
                    <property name="nativeDataType">8</property>
                </structure>
                <structure>
                    <property name="position">4</property>
                    <property name="name">ORDERTOTALS</property>
                    <property name="dataType">float</property>
                    <property name="nativeDataType">8</property>
                </structure>
                <structure>
                    <property name="position">5</property>
                    <property name="name">PAIDTOTALS</property>
                    <property name="dataType">float</property>
                    <property name="nativeDataType">8</property>
                </structure>
            </list-property>
            <list-property name="computedColumns">
                <structure>
                    <property name="name">Outstanding</property>
                    <expression name="expression">row["ORDERTOTALS"]-row["PAIDTOTALS"]</expression>
                    <property name="dataType">float</property>
                </structure>
            </list-property>
            <structure name="cachedMetaData">
                <list-property name="resultSet">
                    <structure>
                        <property name="position">1</property>
                        <property name="name">CUSTOMERNAME</property>
                        <property name="dataType">string</property>
                    </structure>
                    <structure>
                        <property name="position">2</property>
                        <property name="name">CUSTOMERNUMBER</property>
                        <property name="dataType">integer</property>
                    </structure>
                    <structure>
                        <property name="position">3</property>
                        <property name="name">CREDITLIMIT</property>
                        <property name="dataType">float</property>
                    </structure>
                    <structure>
                        <property name="position">4</property>
                        <property name="name">ORDERTOTALS</property>
                        <property name="dataType">float</property>
                    </structure>
                    <structure>
                        <property name="position">5</property>
                        <property name="name">PAIDTOTALS</property>
                        <property name="dataType">float</property>
                    </structure>
                    <structure>
                        <property name="position">6</property>
                        <property name="name">Outstanding</property>
                        <property name="dataType">float</property>
                    </structure>
                </list-property>
            </structure>
            <property name="dataSource">srcClassicModels</property>
            <property name="queryText">select CUSTOMERS.CUSTOMERNAME,
       CUSTOMERS.CUSTOMERNUMBER,CLASSICMODELS.CUSTOMERS.CREDITLIMIT,
       ordersums.OrderTotals,
       paymentsums.PaidTotals
from CUSTOMERS, 
( select ORDERS.CUSTOMERNUMBER, sum(ORDERDETAILS.QUANTITYORDERED * ORDERDETAILS.PRICEEACH) as OrderTotals 
from ORDERS, ORDERDETAILS where ORDERDETAILS.ORDERNUMBER = ORDERS.ORDERNUMBER
group by ORDERS.CUSTOMERNUMBER) ordersums,
( select CUSTOMERS.CUSTOMERNUMBER, sum(PAYMENTS.AMOUNT) as PaidTotals 
from CUSTOMERS, PAYMENTS where PAYMENTS.CUSTOMERNUMBER = CUSTOMERS.CUSTOMERNUMBER
group by CUSTOMERS.CUSTOMERNUMBER) paymentsums

where CUSTOMERS.CUSTOMERNUMBER = ordersums.CUSTOMERNUMBER
and CUSTOMERS.CUSTOMERNUMBER = paymentsums.CUSTOMERNUMBER</property>
        </oda-data-set>
    </data-sets>
    <styles>
        <style name="table-detail" id="90">
            <property name="backgroundColor">#EAF3F4</property>
            <property name="fontFamily">sans-serif</property>
            <property name="fontSize">small</property>
            <property name="color">#004080</property>
        </style>
        <style name="table-header" id="91">
            <property name="backgroundColor">#004080</property>
            <property name="fontFamily">sans-serif</property>
            <property name="fontSize">small</property>
            <property name="fontWeight">bold</property>
            <property name="color">#EAF3F4</property>
        </style>
        <style name="group1" id="93">
            <property name="backgroundColor">#94C1C7</property>
            <property name="fontFamily">sans-serif</property>
            <property name="fontSize">small</property>
            <property name="fontWeight">bold</property>
            <property name="color">#004080</property>
        </style>
        <style name="group2" id="94">
            <property name="backgroundColor">#BFDADD</property>
            <property name="fontFamily">sans-serif</property>
            <property name="fontSize">small</property>
            <property name="fontWeight">bold</property>
            <property name="color">#004080</property>
        </style>
    </styles>
    <page-setup>
        <simple-master-page name="Simple MasterPage" id="2"/>
    </page-setup>
    <body>
        <grid id="241">
            <property name="width">100%</property>
            <column id="242"/>
            <row id="243">
                <property name="textAlign">center</property>
                <property name="verticalAlign">middle</property>
                <cell id="244">
                    <extended-item extensionName="Chart" id="259">
                        <property name="height">3.885in</property>
                        <property name="width">6.114in</property>
                        <property name="dataSet">customerratio</property>
                        <list-property name="boundDataColumns">
                            <structure>
                                <property name="name">CUSTOMERNAME</property>
                                <expression name="expression">dataSetRow["CUSTOMERNAME"]</expression>
                                <property name="dataType">string</property>
                            </structure>
                            <structure>
                                <property name="name">CUSTOMERNUMBER</property>
                                <expression name="expression">dataSetRow["CUSTOMERNUMBER"]</expression>
                                <property name="dataType">integer</property>
                            </structure>
                            <structure>
                                <property name="name">CREDITLIMIT</property>
                                <expression name="expression">dataSetRow["CREDITLIMIT"]</expression>
                                <property name="dataType">float</property>
                            </structure>
                            <structure>
                                <property name="name">ORDERTOTALS</property>
                                <expression name="expression">dataSetRow["ORDERTOTALS"]</expression>
                                <property name="dataType">float</property>
                            </structure>
                            <structure>
                                <property name="name">PAIDTOTALS</property>
                                <expression name="expression">dataSetRow["PAIDTOTALS"]</expression>
                                <property name="dataType">float</property>
                            </structure>
                            <structure>
                                <property name="name">Outstanding</property>
                                <expression name="expression">dataSetRow["Outstanding"]</expression>
                                <property name="dataType">float</property>
                            </structure>
                        </list-property>
                        <xml-property name="xmlRepresentation"><![CDATA[<model:ChartWithAxes xmlns:xsi="http://www.w3.org/2001/XMLSchema-instance" xmlns:attribute="http://www.birt.eclipse.org/ChartModelAttribute" xmlns:data="http://www.birt.eclipse.org/ChartModelData" xmlns:layout="http://www.birt.eclipse.org/ChartModelLayout" xmlns:model="http://www.birt.eclipse.org/ChartModel" xmlns:type="http://www.birt.eclipse.org/ChartModelType">
  <Type>Bar Chart</Type>
  <SubType>Side-by-side</SubType>
  <Block>
    <Children xsi:type="layout:TitleBlock">
      <Bounds>
        <Left>0.0</Left>
        <Top>0.0</Top>
        <Width>0.0</Width>
        <Height>0.0</Height>
      </Bounds>
      <Insets>
        <Top>3.0</Top>
        <Left>3.0</Left>
        <Bottom>3.0</Bottom>
        <Right>3.0</Right>
      </Insets>
      <Row>-1</Row>
      <Column>-1</Column>
      <Rowspan>-1</Rowspan>
      <Columnspan>-1</Columnspan>
      <Outline>
        <Style>Solid</Style>
        <Thickness>1</Thickness>
        <Color>
          <Transparency>255</Transparency>
          <Red>0</Red>
          <Green>0</Green>
          <Blue>0</Blue>
        </Color>
        <Visible>false</Visible>
      </Outline>
      <Visible>true</Visible>
      <Label>
        <Caption>
          <Value>Outstanding Ratio</Value>
          <Font>
            <Size>16.0</Size>
            <Bold>true</Bold>
            <Alignment>
              <horizontalAlignment>Center</horizontalAlignment>
              <verticalAlignment>Center</verticalAlignment>
            </Alignment>
          </Font>
        </Caption>
        <Background xsi:type="attribute:ColorDefinition">
          <Transparency>0</Transparency>
          <Red>255</Red>
          <Green>255</Green>
          <Blue>255</Blue>
        </Background>
        <Outline>
          <Style>Solid</Style>
          <Thickness>1</Thickness>
          <Color>
            <Transparency>255</Transparency>
            <Red>0</Red>
            <Green>0</Green>
            <Blue>0</Blue>
          </Color>
        </Outline>
        <Insets>
          <Top>0.0</Top>
          <Left>2.0</Left>
          <Bottom>0.0</Bottom>
          <Right>3.0</Right>
        </Insets>
        <Visible>true</Visible>
      </Label>
    </Children>
    <Children xsi:type="layout:Plot">
      <Bounds>
        <Left>0.0</Left>
        <Top>0.0</Top>
        <Width>0.0</Width>
        <Height>0.0</Height>
      </Bounds>
      <Insets>
        <Top>3.0</Top>
        <Left>3.0</Left>
        <Bottom>3.0</Bottom>
        <Right>3.0</Right>
      </Insets>
      <Row>-1</Row>
      <Column>-1</Column>
      <Rowspan>-1</Rowspan>
      <Columnspan>-1</Columnspan>
      <Outline>
        <Style>Solid</Style>
        <Thickness>1</Thickness>
        <Color>
          <Transparency>255</Transparency>
          <Red>0</Red>
          <Green>0</Green>
          <Blue>0</Blue>
        </Color>
        <Visible>false</Visible>
      </Outline>
      <Visible>true</Visible>
      <HorizontalSpacing>5</HorizontalSpacing>
      <VerticalSpacing>5</VerticalSpacing>
      <ClientArea>
        <Outline>
          <Style>Solid</Style>
          <Thickness>0</Thickness>
          <Color>
            <Transparency>255</Transparency>
            <Red>0</Red>
            <Green>0</Green>
            <Blue>0</Blue>
          </Color>
          <Visible>false</Visible>
        </Outline>
        <Insets>
          <Top>0.0</Top>
          <Left>0.0</Left>
          <Bottom>0.0</Bottom>
          <Right>0.0</Right>
        </Insets>
      </ClientArea>
    </Children>
    <Children xsi:type="layout:Legend">
      <Bounds>
        <Left>0.0</Left>
        <Top>0.0</Top>
        <Width>0.0</Width>
        <Height>0.0</Height>
      </Bounds>
      <Insets>
        <Top>3.0</Top>
        <Left>3.0</Left>
        <Bottom>3.0</Bottom>
        <Right>3.0</Right>
      </Insets>
      <Row>-1</Row>
      <Column>-1</Column>
      <Rowspan>-1</Rowspan>
      <Columnspan>-1</Columnspan>
      <Outline>
        <Style>Solid</Style>
        <Thickness>1</Thickness>
        <Color>
          <Transparency>255</Transparency>
          <Red>0</Red>
          <Green>0</Green>
          <Blue>0</Blue>
        </Color>
        <Visible>false</Visible>
      </Outline>
      <Visible>false</Visible>
      <ClientArea>
        <Outline>
          <Style>Solid</Style>
          <Thickness>0</Thickness>
          <Color>
            <Transparency>255</Transparency>
            <Red>0</Red>
            <Green>0</Green>
            <Blue>0</Blue>
          </Color>
          <Visible>false</Visible>
        </Outline>
        <Insets>
          <Top>2.0</Top>
          <Left>2.0</Left>
          <Bottom>2.0</Bottom>
          <Right>2.0</Right>
        </Insets>
      </ClientArea>
      <Text>
        <Value></Value>
        <Font>
          <Alignment/>
        </Font>
      </Text>
      <Orientation>Vertical</Orientation>
      <Direction>Top_Bottom</Direction>
      <Separator>
        <Style>Solid</Style>
        <Thickness>1</Thickness>
        <Color>
          <Transparency>255</Transparency>
          <Red>0</Red>
          <Green>0</Green>
          <Blue>0</Blue>
        </Color>
        <Visible>true</Visible>
      </Separator>
      <Position>Right</Position>
      <ItemType>Series</ItemType>
      <Title>
        <Caption>
          <Value></Value>
          <Font>
            <Alignment/>
          </Font>
        </Caption>
        <Background xsi:type="attribute:ColorDefinition">
          <Transparency>0</Transparency>
          <Red>255</Red>
          <Green>255</Green>
          <Blue>255</Blue>
        </Background>
        <Outline>
          <Style>Solid</Style>
          <Thickness>1</Thickness>
          <Color>
            <Transparency>255</Transparency>
            <Red>0</Red>
            <Green>0</Green>
            <Blue>0</Blue>
          </Color>
          <Visible>false</Visible>
        </Outline>
        <Insets>
          <Top>0.0</Top>
          <Left>2.0</Left>
          <Bottom>0.0</Bottom>
          <Right>3.0</Right>
        </Insets>
        <Visible>false</Visible>
      </Title>
      <TitlePosition>Above</TitlePosition>
    </Children>
    <Bounds>
      <Left>0.0</Left>
      <Top>0.0</Top>
      <Width>440.25</Width>
      <Height>279.75</Height>
    </Bounds>
    <Insets>
      <Top>3.0</Top>
      <Left>3.0</Left>
      <Bottom>3.0</Bottom>
      <Right>3.0</Right>
    </Insets>
    <Row>-1</Row>
    <Column>-1</Column>
    <Rowspan>-1</Rowspan>
    <Columnspan>-1</Columnspan>
    <Outline>
      <Style>Solid</Style>
      <Thickness>1</Thickness>
      <Color>
        <Transparency>255</Transparency>
        <Red>0</Red>
        <Green>0</Green>
        <Blue>0</Blue>
      </Color>
      <Visible>false</Visible>
    </Outline>
    <Background xsi:type="attribute:ColorDefinition">
      <Transparency>255</Transparency>
      <Red>255</Red>
      <Green>255</Green>
      <Blue>255</Blue>
    </Background>
    <Visible>true</Visible>
  </Block>
  <Dimension>Two_Dimensional_With_Depth</Dimension>
  <Units>Points</Units>
  <SeriesThickness>10.0</SeriesThickness>
  <SampleData>
    <BaseSampleData>
      <DataSetRepresentation>A, B, C</DataSetRepresentation>
    </BaseSampleData>
    <OrthogonalSampleData>
      <DataSetRepresentation>5,4,12</DataSetRepresentation>
      <SeriesDefinitionIndex>0</SeriesDefinitionIndex>
    </OrthogonalSampleData>
    <OrthogonalSampleData>
      <DataSetRepresentation>5,4,12</DataSetRepresentation>
      <SeriesDefinitionIndex>1</SeriesDefinitionIndex>
    </OrthogonalSampleData>
  </SampleData>
  <Interactivity/>
  <Axes>
    <Type>Text</Type>
    <Title>
      <Caption>
        <Value>X-Axis Title</Value>
        <Font>
          <Size>14.0</Size>
          <Bold>true</Bold>
          <Alignment>
            <horizontalAlignment>Center</horizontalAlignment>
            <verticalAlignment>Center</verticalAlignment>
          </Alignment>
        </Font>
      </Caption>
      <Background xsi:type="attribute:ColorDefinition">
        <Transparency>0</Transparency>
        <Red>255</Red>
        <Green>255</Green>
        <Blue>255</Blue>
      </Background>
      <Outline>
        <Style>Solid</Style>
        <Thickness>1</Thickness>
        <Color>
          <Transparency>255</Transparency>
          <Red>0</Red>
          <Green>0</Green>
          <Blue>0</Blue>
        </Color>
      </Outline>
      <Insets>
        <Top>0.0</Top>
        <Left>2.0</Left>
        <Bottom>0.0</Bottom>
        <Right>3.0</Right>
      </Insets>
      <Visible>false</Visible>
    </Title>
    <TitlePosition>Below</TitlePosition>
    <AssociatedAxes>
      <Type>Linear</Type>
      <Title>
        <Caption>
          <Value>Y-Axis Title</Value>
          <Font>
            <Size>14.0</Size>
            <Bold>true</Bold>
            <Alignment>
              <horizontalAlignment>Center</horizontalAlignment>
              <verticalAlignment>Center</verticalAlignment>
            </Alignment>
            <Rotation>90.0</Rotation>
          </Font>
        </Caption>
        <Background xsi:type="attribute:ColorDefinition">
          <Transparency>0</Transparency>
          <Red>255</Red>
          <Green>255</Green>
          <Blue>255</Blue>
        </Background>
        <Outline>
          <Style>Solid</Style>
          <Thickness>1</Thickness>
          <Color>
            <Transparency>255</Transparency>
            <Red>0</Red>
            <Green>0</Green>
            <Blue>0</Blue>
          </Color>
        </Outline>
        <Insets>
          <Top>0.0</Top>
          <Left>2.0</Left>
          <Bottom>0.0</Bottom>
          <Right>3.0</Right>
        </Insets>
        <Visible>false</Visible>
      </Title>
      <TitlePosition>Left</TitlePosition>
      <SeriesDefinitions>
        <Query>
          <Definition></Definition>
        </Query>
        <SeriesPalette>
          <Entries xsi:type="attribute:ColorDefinition">
            <Transparency>255</Transparency>
            <Red>242</Red>
            <Green>88</Green>
            <Blue>106</Blue>
          </Entries>
          <Entries xsi:type="attribute:ColorDefinition">
            <Transparency>255</Transparency>
            <Red>232</Red>
            <Green>172</Green>
            <Blue>57</Blue>
          </Entries>
          <Entries xsi:type="attribute:ColorDefinition">
            <Transparency>255</Transparency>
            <Red>128</Red>
            <Green>255</Green>
            <Blue>128</Blue>
          </Entries>
          <Entries xsi:type="attribute:ColorDefinition">
            <Transparency>255</Transparency>
            <Red>64</Red>
            <Green>128</Green>
            <Blue>128</Blue>
          </Entries>
          <Entries xsi:type="attribute:ColorDefinition">
            <Transparency>255</Transparency>
            <Red>128</Red>
            <Green>128</Green>
            <Blue>192</Blue>
          </Entries>
          <Entries xsi:type="attribute:ColorDefinition">
            <Transparency>255</Transparency>
            <Red>170</Red>
            <Green>85</Green>
            <Blue>85</Blue>
          </Entries>
          <Entries xsi:type="attribute:ColorDefinition">
            <Transparency>255</Transparency>
            <Red>128</Red>
            <Green>128</Green>
            <Blue>0</Blue>
          </Entries>
        </SeriesPalette>
        <Series xsi:type="type:BarSeries">
          <Visible>true</Visible>
          <Label>
            <Caption>
              <Value></Value>
              <Font>
                <Alignment/>
              </Font>
            </Caption>
            <Background xsi:type="attribute:ColorDefinition">
              <Transparency>0</Transparency>
              <Red>255</Red>
              <Green>255</Green>
              <Blue>255</Blue>
            </Background>
            <Outline>
              <Style>Solid</Style>
              <Thickness>1</Thickness>
              <Color>
                <Transparency>255</Transparency>
                <Red>0</Red>
                <Green>0</Green>
                <Blue>0</Blue>
              </Color>
              <Visible>false</Visible>
            </Outline>
            <Insets>
              <Top>0.0</Top>
              <Left>2.0</Left>
              <Bottom>0.0</Bottom>
              <Right>3.0</Right>
            </Insets>
            <Visible>true</Visible>
          </Label>
          <DataDefinition>
            <Definition>row[&quot;Outstanding&quot;]</Definition>
          </DataDefinition>
          <SeriesIdentifier></SeriesIdentifier>
          <DataPoint>
            <Components>
              <Type>Orthogonal_Value</Type>
            </Components>
            <Separator>, </Separator>
          </DataPoint>
          <LabelPosition>Inside</LabelPosition>
          <Stacked>false</Stacked>
          <Triggers>
            <Condition>onclick</Condition>
            <Action>
              <Type>URL_Redirect</Type>
              <Value xsi:type="attribute:URLValue">
                <BaseUrl>&lt;structure name=&quot;action&quot;>&#xD;
    &lt;property name=&quot;linkType&quot;>bookmark-link&lt;/property>&#xD;
    &lt;expression name=&quot;targetBookmark&quot;>row[&quot;CUSTOMERNAME&quot;]&lt;/expression>&#xD;
&lt;/structure>&#xD;
</BaseUrl>
                <BaseParameterName></BaseParameterName>
                <ValueParameterName></ValueParameterName>
                <SeriesParameterName></SeriesParameterName>
              </Value>
            </Action>
          </Triggers>
          <Translucent>true</Translucent>
          <Riser>Rectangle</Riser>
        </Series>
        <Grouping>
          <Enabled>false</Enabled>
          <GroupingInterval>2</GroupingInterval>
          <GroupType>Text</GroupType>
          <AggregateExpression>Sum</AggregateExpression>
        </Grouping>
      </SeriesDefinitions>
      <Orientation>Vertical</Orientation>
      <LineAttributes>
        <Style>Solid</Style>
        <Thickness>1</Thickness>
        <Color>
          <Transparency>255</Transparency>
          <Red>0</Red>
          <Green>0</Green>
          <Blue>0</Blue>
        </Color>
        <Visible>true</Visible>
      </LineAttributes>
      <Label>
        <Caption>
          <Value></Value>
          <Font>
            <Alignment/>
          </Font>
        </Caption>
        <Background xsi:type="attribute:ColorDefinition">
          <Transparency>0</Transparency>
          <Red>255</Red>
          <Green>255</Green>
          <Blue>255</Blue>
        </Background>
        <Outline>
          <Style>Solid</Style>
          <Thickness>1</Thickness>
          <Color>
            <Transparency>255</Transparency>
            <Red>0</Red>
            <Green>0</Green>
            <Blue>0</Blue>
          </Color>
        </Outline>
        <Insets>
          <Top>0.0</Top>
          <Left>2.0</Left>
          <Bottom>0.0</Bottom>
          <Right>3.0</Right>
        </Insets>
        <Visible>true</Visible>
      </Label>
      <LabelPosition>Left</LabelPosition>
      <MajorGrid>
        <LineAttributes>
          <Style>Solid</Style>
          <Thickness>1</Thickness>
          <Color>
            <Transparency>255</Transparency>
            <Red>196</Red>
            <Green>196</Green>
            <Blue>196</Blue>
          </Color>
          <Visible>false</Visible>
        </LineAttributes>
        <TickStyle>Across</TickStyle>
        <TickAttributes>
          <Style>Solid</Style>
          <Thickness>1</Thickness>
          <Color>
            <Transparency>255</Transparency>
            <Red>196</Red>
            <Green>196</Green>
            <Blue>196</Blue>
          </Color>
          <Visible>true</Visible>
        </TickAttributes>
      </MajorGrid>
      <MinorGrid>
        <LineAttributes>
          <Style>Solid</Style>
          <Thickness>1</Thickness>
          <Color>
            <Transparency>255</Transparency>
            <Red>225</Red>
            <Green>225</Green>
            <Blue>225</Blue>
          </Color>
          <Visible>false</Visible>
        </LineAttributes>
        <TickStyle>Across</TickStyle>
        <TickAttributes>
          <Style>Solid</Style>
          <Thickness>1</Thickness>
          <Color>
            <Transparency>255</Transparency>
            <Red>225</Red>
            <Green>225</Green>
            <Blue>225</Blue>
          </Color>
          <Visible>false</Visible>
        </TickAttributes>
      </MinorGrid>
      <Scale>
        <Max xsi:type="data:NumberDataElement">
          <Value>250000.0</Value>
        </Max>
        <MinorGridsPerUnit>5</MinorGridsPerUnit>
      </Scale>
      <Origin>
        <Type>Min</Type>
        <Value xsi:type="data:NumberDataElement">
          <Value>0.0</Value>
        </Value>
      </Origin>
      <PrimaryAxis>true</PrimaryAxis>
      <Percent>false</Percent>
    </AssociatedAxes>
    <AssociatedAxes>
      <Type>Linear</Type>
      <Title>
        <Caption>
          <Value>Y-Axis Title</Value>
          <Font>
            <Size>14.0</Size>
            <Bold>true</Bold>
            <Alignment>
              <horizontalAlignment>Center</horizontalAlignment>
              <verticalAlignment>Center</verticalAlignment>
            </Alignment>
            <Rotation>90.0</Rotation>
          </Font>
        </Caption>
        <Background xsi:type="attribute:ColorDefinition">
          <Transparency>0</Transparency>
          <Red>255</Red>
          <Green>255</Green>
          <Blue>255</Blue>
        </Background>
        <Outline>
          <Style>Solid</Style>
          <Thickness>1</Thickness>
          <Color>
            <Transparency>255</Transparency>
            <Red>0</Red>
            <Green>0</Green>
            <Blue>0</Blue>
          </Color>
        </Outline>
        <Insets>
          <Top>0.0</Top>
          <Left>2.0</Left>
          <Bottom>0.0</Bottom>
          <Right>3.0</Right>
        </Insets>
        <Visible>false</Visible>
      </Title>
      <TitlePosition>Right</TitlePosition>
      <SeriesDefinitions>
        <Query>
          <Definition></Definition>
        </Query>
        <SeriesPalette>
          <Entries xsi:type="attribute:ColorDefinition">
            <Transparency>255</Transparency>
            <Red>80</Red>
            <Green>166</Green>
            <Blue>218</Blue>
          </Entries>
          <Entries xsi:type="attribute:ColorDefinition">
            <Transparency>255</Transparency>
            <Red>242</Red>
            <Green>88</Green>
            <Blue>106</Blue>
          </Entries>
          <Entries xsi:type="attribute:ColorDefinition">
            <Transparency>255</Transparency>
            <Red>232</Red>
            <Green>172</Green>
            <Blue>57</Blue>
          </Entries>
          <Entries xsi:type="attribute:ColorDefinition">
            <Transparency>255</Transparency>
            <Red>128</Red>
            <Green>255</Green>
            <Blue>128</Blue>
          </Entries>
          <Entries xsi:type="attribute:ColorDefinition">
            <Transparency>255</Transparency>
            <Red>64</Red>
            <Green>128</Green>
            <Blue>128</Blue>
          </Entries>
          <Entries xsi:type="attribute:ColorDefinition">
            <Transparency>255</Transparency>
            <Red>128</Red>
            <Green>128</Green>
            <Blue>192</Blue>
          </Entries>
          <Entries xsi:type="attribute:ColorDefinition">
            <Transparency>255</Transparency>
            <Red>170</Red>
            <Green>85</Green>
            <Blue>85</Blue>
          </Entries>
          <Entries xsi:type="attribute:ColorDefinition">
            <Transparency>255</Transparency>
            <Red>128</Red>
            <Green>128</Green>
            <Blue>0</Blue>
          </Entries>
        </SeriesPalette>
        <Series xsi:type="type:LineSeries">
          <Visible>true</Visible>
          <Label>
            <Caption>
              <Value></Value>
              <Font>
                <Alignment/>
              </Font>
            </Caption>
            <Background xsi:type="attribute:ColorDefinition">
              <Transparency>0</Transparency>
              <Red>255</Red>
              <Green>255</Green>
              <Blue>255</Blue>
            </Background>
            <Outline>
              <Style>Solid</Style>
              <Thickness>1</Thickness>
              <Color>
                <Transparency>255</Transparency>
                <Red>0</Red>
                <Green>0</Green>
                <Blue>0</Blue>
              </Color>
              <Visible>false</Visible>
            </Outline>
            <Insets>
              <Top>0.0</Top>
              <Left>2.0</Left>
              <Bottom>0.0</Bottom>
              <Right>3.0</Right>
            </Insets>
            <Visible>true</Visible>
          </Label>
          <DataDefinition>
            <Definition>row[&quot;CREDITLIMIT&quot;]</Definition>
          </DataDefinition>
          <SeriesIdentifier></SeriesIdentifier>
          <DataPoint>
            <Components>
              <Type>Orthogonal_Value</Type>
            </Components>
            <Separator>, </Separator>
          </DataPoint>
          <LabelPosition>Above</LabelPosition>
          <Stacked>false</Stacked>
          <Markers>
            <Type>Box</Type>
            <Size>4</Size>
            <Visible>true</Visible>
          </Markers>
          <LineAttributes>
            <Style>Solid</Style>
            <Thickness>1</Thickness>
            <Color>
              <Transparency>255</Transparency>
              <Red>0</Red>
              <Green>0</Green>
              <Blue>0</Blue>
            </Color>
            <Visible>true</Visible>
          </LineAttributes>
        </Series>
        <Grouping>
          <Enabled>false</Enabled>
          <GroupingInterval>2</GroupingInterval>
          <GroupType>Text</GroupType>
          <AggregateExpression>Sum</AggregateExpression>
        </Grouping>
      </SeriesDefinitions>
      <Orientation>Vertical</Orientation>
      <LineAttributes>
        <Style>Solid</Style>
        <Thickness>1</Thickness>
        <Color>
          <Transparency>255</Transparency>
          <Red>0</Red>
          <Green>0</Green>
          <Blue>0</Blue>
        </Color>
        <Visible>true</Visible>
      </LineAttributes>
      <Label>
        <Caption>
          <Value></Value>
          <Font>
            <Alignment/>
          </Font>
        </Caption>
        <Background xsi:type="attribute:ColorDefinition">
          <Transparency>0</Transparency>
          <Red>255</Red>
          <Green>255</Green>
          <Blue>255</Blue>
        </Background>
        <Outline>
          <Style>Solid</Style>
          <Thickness>1</Thickness>
          <Color>
            <Transparency>255</Transparency>
            <Red>0</Red>
            <Green>0</Green>
            <Blue>0</Blue>
          </Color>
        </Outline>
        <Insets>
          <Top>0.0</Top>
          <Left>2.0</Left>
          <Bottom>0.0</Bottom>
          <Right>3.0</Right>
        </Insets>
        <Visible>false</Visible>
      </Label>
      <LabelPosition>Right</LabelPosition>
      <MajorGrid>
        <LineAttributes>
          <Style>Solid</Style>
          <Thickness>1</Thickness>
          <Color>
            <Transparency>255</Transparency>
            <Red>196</Red>
            <Green>196</Green>
            <Blue>196</Blue>
          </Color>
          <Visible>false</Visible>
        </LineAttributes>
        <TickStyle>Across</TickStyle>
        <TickAttributes>
          <Style>Solid</Style>
          <Thickness>1</Thickness>
          <Color>
            <Transparency>255</Transparency>
            <Red>196</Red>
            <Green>196</Green>
            <Blue>196</Blue>
          </Color>
          <Visible>true</Visible>
        </TickAttributes>
      </MajorGrid>
      <MinorGrid>
        <LineAttributes>
          <Style>Solid</Style>
          <Thickness>1</Thickness>
          <Color>
            <Transparency>255</Transparency>
            <Red>225</Red>
            <Green>225</Green>
            <Blue>225</Blue>
          </Color>
          <Visible>false</Visible>
        </LineAttributes>
        <TickStyle>Across</TickStyle>
        <TickAttributes>
          <Style>Solid</Style>
          <Thickness>1</Thickness>
          <Color>
            <Transparency>255</Transparency>
            <Red>225</Red>
            <Green>225</Green>
            <Blue>225</Blue>
          </Color>
          <Visible>false</Visible>
        </TickAttributes>
      </MinorGrid>
      <Scale>
        <Max xsi:type="data:NumberDataElement">
          <Value>250000.0</Value>
        </Max>
        <MinorGridsPerUnit>5</MinorGridsPerUnit>
      </Scale>
      <Origin>
        <Type>Max</Type>
      </Origin>
      <PrimaryAxis>false</PrimaryAxis>
      <Percent>false</Percent>
    </AssociatedAxes>
    <SeriesDefinitions>
      <Query>
        <Definition></Definition>
      </Query>
      <SeriesPalette>
        <Entries xsi:type="attribute:ColorDefinition">
          <Transparency>255</Transparency>
          <Red>80</Red>
          <Green>166</Green>
          <Blue>218</Blue>
        </Entries>
        <Entries xsi:type="attribute:ColorDefinition">
          <Transparency>255</Transparency>
          <Red>242</Red>
          <Green>88</Green>
          <Blue>106</Blue>
        </Entries>
        <Entries xsi:type="attribute:ColorDefinition">
          <Transparency>255</Transparency>
          <Red>232</Red>
          <Green>172</Green>
          <Blue>57</Blue>
        </Entries>
        <Entries xsi:type="attribute:ColorDefinition">
          <Transparency>255</Transparency>
          <Red>128</Red>
          <Green>255</Green>
          <Blue>128</Blue>
        </Entries>
        <Entries xsi:type="attribute:ColorDefinition">
          <Transparency>255</Transparency>
          <Red>64</Red>
          <Green>128</Green>
          <Blue>128</Blue>
        </Entries>
        <Entries xsi:type="attribute:ColorDefinition">
          <Transparency>255</Transparency>
          <Red>128</Red>
          <Green>128</Green>
          <Blue>192</Blue>
        </Entries>
        <Entries xsi:type="attribute:ColorDefinition">
          <Transparency>255</Transparency>
          <Red>170</Red>
          <Green>85</Green>
          <Blue>85</Blue>
        </Entries>
        <Entries xsi:type="attribute:ColorDefinition">
          <Transparency>255</Transparency>
          <Red>128</Red>
          <Green>128</Green>
          <Blue>0</Blue>
        </Entries>
      </SeriesPalette>
      <Series>
        <Visible>true</Visible>
        <Label>
          <Caption>
            <Value></Value>
            <Font>
              <Alignment/>
            </Font>
          </Caption>
          <Background xsi:type="attribute:ColorDefinition">
            <Transparency>0</Transparency>
            <Red>255</Red>
            <Green>255</Green>
            <Blue>255</Blue>
          </Background>
          <Outline>
            <Style>Solid</Style>
            <Thickness>1</Thickness>
            <Color>
              <Transparency>255</Transparency>
              <Red>0</Red>
              <Green>0</Green>
              <Blue>0</Blue>
            </Color>
            <Visible>false</Visible>
          </Outline>
          <Insets>
            <Top>0.0</Top>
            <Left>2.0</Left>
            <Bottom>0.0</Bottom>
            <Right>3.0</Right>
          </Insets>
          <Visible>false</Visible>
        </Label>
        <DataDefinition>
          <Definition>row[&quot;CUSTOMERNAME&quot;]</Definition>
        </DataDefinition>
        <SeriesIdentifier></SeriesIdentifier>
        <DataPoint>
          <Components>
            <Type>Orthogonal_Value</Type>
          </Components>
          <Separator>, </Separator>
        </DataPoint>
        <LabelPosition>Outside</LabelPosition>
        <Stacked>false</Stacked>
      </Series>
      <Grouping>
        <Enabled>false</Enabled>
        <GroupingInterval>2</GroupingInterval>
        <GroupType>Text</GroupType>
        <AggregateExpression>Sum</AggregateExpression>
      </Grouping>
    </SeriesDefinitions>
    <Orientation>Horizontal</Orientation>
    <LineAttributes>
      <Style>Solid</Style>
      <Thickness>1</Thickness>
      <Color>
        <Transparency>255</Transparency>
        <Red>0</Red>
        <Green>0</Green>
        <Blue>0</Blue>
      </Color>
      <Visible>true</Visible>
    </LineAttributes>
    <Label>
      <Caption>
        <Value></Value>
        <Font>
          <Alignment/>
          <Rotation>-45.0</Rotation>
        </Font>
      </Caption>
      <Background xsi:type="attribute:ColorDefinition">
        <Transparency>0</Transparency>
        <Red>255</Red>
        <Green>255</Green>
        <Blue>255</Blue>
      </Background>
      <Outline>
        <Style>Solid</Style>
        <Thickness>1</Thickness>
        <Color>
          <Transparency>255</Transparency>
          <Red>0</Red>
          <Green>0</Green>
          <Blue>0</Blue>
        </Color>
      </Outline>
      <Insets>
        <Top>0.0</Top>
        <Left>2.0</Left>
        <Bottom>0.0</Bottom>
        <Right>3.0</Right>
      </Insets>
      <Visible>true</Visible>
    </Label>
    <LabelPosition>Below</LabelPosition>
    <MajorGrid>
      <LineAttributes>
        <Style>Solid</Style>
        <Thickness>1</Thickness>
        <Color>
          <Transparency>255</Transparency>
          <Red>196</Red>
          <Green>196</Green>
          <Blue>196</Blue>
        </Color>
        <Visible>false</Visible>
      </LineAttributes>
      <TickStyle>Across</TickStyle>
      <TickAttributes>
        <Style>Solid</Style>
        <Thickness>1</Thickness>
        <Color>
          <Transparency>255</Transparency>
          <Red>196</Red>
          <Green>196</Green>
          <Blue>196</Blue>
        </Color>
        <Visible>true</Visible>
      </TickAttributes>
    </MajorGrid>
    <MinorGrid>
      <LineAttributes>
        <Style>Solid</Style>
        <Thickness>1</Thickness>
        <Color>
          <Transparency>255</Transparency>
          <Red>225</Red>
          <Green>225</Green>
          <Blue>225</Blue>
        </Color>
        <Visible>false</Visible>
      </LineAttributes>
      <TickStyle>Across</TickStyle>
      <TickAttributes>
        <Style>Solid</Style>
        <Thickness>1</Thickness>
        <Color>
          <Transparency>255</Transparency>
          <Red>225</Red>
          <Green>225</Green>
          <Blue>225</Blue>
        </Color>
        <Visible>false</Visible>
      </TickAttributes>
    </MinorGrid>
    <Scale>
      <MinorGridsPerUnit>5</MinorGridsPerUnit>
    </Scale>
    <Origin>
      <Type>Min</Type>
      <Value xsi:type="data:NumberDataElement">
        <Value>0.0</Value>
      </Value>
    </Origin>
    <PrimaryAxis>true</PrimaryAxis>
    <CategoryAxis>true</CategoryAxis>
    <Percent>false</Percent>
  </Axes>
  <Orientation>Vertical</Orientation>
  <UnitSpacing>50.0</UnitSpacing>
  <Rotation/>
</model:ChartWithAxes>
]]></xml-property>
                        <property name="outputFormat">SVG</property>
                        <list-property name="filter">
                            <structure>
                                <property name="operator">top-n</property>
                                <expression name="expr">row["Outstanding"]</expression>
                                <expression name="value1">5</expression>
                            </structure>
                        </list-property>
                    </extended-item>
                </cell>
            </row>
            <row id="245">
                <cell id="246">
                    <label id="169">
                        <property name="fontFamily">sans-serif</property>
                        <property name="fontSize">large</property>
                        <property name="fontWeight">bold</property>
                        <property name="color">#004080</property>
                        <property name="textAlign">center</property>
                        <text-property name="text">Customer Orders</text-property>
                    </label>
                </cell>
            </row>
            <row id="247">
                <cell id="248">
                    <table name="OrderSummary" id="7">
                        <property name="borderBottomColor">#004080</property>
                        <property name="borderBottomStyle">solid</property>
                        <property name="borderBottomWidth">medium</property>
                        <property name="borderLeftColor">#004080</property>
                        <property name="borderLeftStyle">solid</property>
                        <property name="borderLeftWidth">medium</property>
                        <property name="borderRightColor">#004080</property>
                        <property name="borderRightStyle">solid</property>
                        <property name="borderRightWidth">medium</property>
                        <property name="borderTopColor">#004080</property>
                        <property name="borderTopStyle">solid</property>
                        <property name="borderTopWidth">medium</property>
                        <property name="width">100%</property>
                        <property name="dataSet">setOrders</property>
                        <list-property name="boundDataColumns">
                            <structure>
                                <property name="name">CUSTOMERNAME</property>
                                <expression name="expression">dataSetRow["CUSTOMERNAME"]</expression>
                                <property name="dataType">string</property>
                            </structure>
                            <structure>
                                <property name="name">ORDERDATE</property>
                                <expression name="expression">dataSetRow["ORDERDATE"]</expression>
                                <property name="dataType">date-time</property>
                            </structure>
                            <structure>
                                <property name="name">STATUS</property>
                                <expression name="expression">dataSetRow["STATUS"]</expression>
                                <property name="dataType">string</property>
                            </structure>
                            <structure>
                                <property name="name">QUANTITYORDERED</property>
                                <expression name="expression">dataSetRow["QUANTITYORDERED"]</expression>
                                <property name="dataType">integer</property>
                            </structure>
                            <structure>
                                <property name="name">PRICEEACH</property>
                                <expression name="expression">dataSetRow["PRICEEACH"]</expression>
                                <property name="dataType">float</property>
                            </structure>
                            <structure>
                                <property name="name">TOTALSALE</property>
                                <expression name="expression">dataSetRow["QUANTITYORDERED"] * dataSetRow["PRICEEACH"]</expression>
                                <property name="dataType">float</property>
                            </structure>
                            <structure>
                                <property name="name">ORDERNUMBER</property>
                                <expression name="expression">dataSetRow["ORDERNUMBER"]</expression>
                                <property name="dataType">integer</property>
                            </structure>
                            <structure>
                                <property name="name">ORDERTOTAL</property>
                                <expression name="expression">Total.sum(row["TOTALSALE"])</expression>
                                <property name="dataType">float</property>
                                <property name="aggregateOn">grpOrderNumber</property>
                            </structure>
                            <structure>
                                <property name="name">CUSTOMERTOTAL</property>
                                <expression name="expression">Total.sum(row["TOTALSALE"])</expression>
                                <property name="dataType">float</property>
                                <property name="aggregateOn">grpCustomerName</property>
                            </structure>
                        </list-property>
                        <column id="36"/>
                        <column id="69"/>
                        <column id="37"/>
                        <column id="38"/>
                        <column id="39"/>
                        <column id="40"/>
                        <column id="44"/>
                        <header>
                            <row id="8">
                                <cell id="9">
                                    <label id="10">
                                        <text-property name="text">Customer</text-property>
                                    </label>
                                </cell>
                                <cell id="64">
                                    <label id="70">
                                        <text-property name="text">Order Number</text-property>
                                    </label>
                                </cell>
                                <cell id="11">
                                    <label id="12">
                                        <text-property name="text">Date</text-property>
                                    </label>
                                </cell>
                                <cell id="13">
                                    <label id="14">
                                        <text-property name="text">Status</text-property>
                                    </label>
                                </cell>
                                <cell id="15">
                                    <label id="16">
                                        <property name="textAlign">center</property>
                                        <text-property name="text">Quantity</text-property>
                                    </label>
                                </cell>
                                <cell id="17">
                                    <label id="18">
                                        <property name="textAlign">right</property>
                                        <text-property name="text">Price</text-property>
                                    </label>
                                </cell>
                                <cell id="41">
                                    <label id="45">
                                        <property name="textAlign">right</property>
                                        <text-property name="text">Total</text-property>
                                    </label>
                                </cell>
                            </row>
                        </header>
                        <group id="48">
                            <property name="groupName">grpCustomerName</property>
                            <property name="interval">none</property>
                            <property name="sortDirection">asc</property>
                            <expression name="keyExpr">row["CUSTOMERNAME"]</expression>
                            <expression name="toc">row["CUSTOMERNAME"] + ": $(" + row["CUSTOMERTOTAL"].toFixed(2) + ")USD"</expression>
                            <property name="repeatHeader">true</property>
                            <property name="hideDetail">false</property>
                            <property name="pageBreakAfter">auto</property>
                            <property name="pageBreakBefore">auto</property>
                            <header>
                                <row id="49">
                                    <property name="style">group1</property>
                                    <cell id="50">
                                        <data id="63">
                                            <expression name="bookmark">row["CUSTOMERNAME"]</expression>
                                            <property name="resultSetColumn">CUSTOMERNAME</property>
                                            <structure name="action">
                                                <property name="linkType">bookmark-link</property>
                                                <expression name="targetBookmark">row["CUSTOMERNAME"]</expression>
                                            </structure>
                                        </data>
                                    </cell>
                                    <cell id="65"/>
                                    <cell id="51"/>
                                    <cell id="52"/>
                                    <cell id="53"/>
                                    <cell id="54"/>
                                    <cell id="55"/>
                                </row>
                            </header>
                            <footer>
                                <row id="56">
                                    <property name="style">group1</property>
                                    <cell id="57">
                                        <property name="borderBottomColor">#EAF3F4</property>
                                        <property name="borderBottomStyle">solid</property>
                                        <property name="borderBottomWidth">thin</property>
                                    </cell>
                                    <cell id="67">
                                        <property name="borderBottomColor">#EAF3F4</property>
                                        <property name="borderBottomStyle">solid</property>
                                        <property name="borderBottomWidth">thin</property>
                                    </cell>
                                    <cell id="58">
                                        <property name="borderBottomColor">#EAF3F4</property>
                                        <property name="borderBottomStyle">solid</property>
                                        <property name="borderBottomWidth">thin</property>
                                    </cell>
                                    <cell id="59">
                                        <property name="borderBottomColor">#EAF3F4</property>
                                        <property name="borderBottomStyle">solid</property>
                                        <property name="borderBottomWidth">thin</property>
                                    </cell>
                                    <cell id="60">
                                        <property name="colSpan">2</property>
                                        <property name="rowSpan">1</property>
                                        <property name="borderBottomColor">#EAF3F4</property>
                                        <property name="borderBottomStyle">solid</property>
                                        <property name="borderBottomWidth">thin</property>
                                        <label id="96">
                                            <property name="textAlign">right</property>
                                            <text-property name="text">CustomerTotal:</text-property>
                                        </label>
                                    </cell>
                                    <cell id="62">
                                        <property name="borderBottomColor">#EAF3F4</property>
                                        <property name="borderBottomStyle">solid</property>
                                        <property name="borderBottomWidth">thin</property>
                                        <data name="set2" id="97">
                                            <structure name="numberFormat">
                                                <property name="category">Currency</property>
                                                <property name="pattern">$#,##0.00;$(#,##0.00)</property>
                                            </structure>
                                            <property name="textAlign">right</property>
                                            <property name="resultSetColumn">CUSTOMERTOTAL</property>
                                        </data>
                                    </cell>
                                </row>
                            </footer>
                        </group>
                        <group id="72">
                            <property name="groupName">grpOrderNumber</property>
                            <property name="interval">none</property>
                            <property name="sortDirection">asc</property>
                            <expression name="keyExpr">row["ORDERNUMBER"]</expression>
                            <expression name="toc">"Order Number: " + row["ORDERNUMBER"] + "\n$(" + row["ORDERTOTAL"].toFixed(2) + ")USD"</expression>
                            <property name="repeatHeader">true</property>
                            <property name="hideDetail">false</property>
                            <property name="pageBreakAfter">auto</property>
                            <property name="pageBreakBefore">auto</property>
                            <header>
                                <row id="73">
                                    <property name="style">group2</property>
                                    <cell id="74"/>
                                    <cell id="75">
                                        <data id="89">
                                            <property name="resultSetColumn">ORDERNUMBER</property>
                                            <structure name="action">
                                                <property name="formatType">html</property>
                                                <property name="linkType">drill-through</property>
                                                <property name="reportName">detail.rptdesign</property>
                                                <property name="targetWindow">_blank</property>
                                                <property name="targetFileType">report-design</property>
                                                <list-property name="paramBindings">
                                                    <structure>
                                                        <property name="paramName">rptParamOrderNumber</property>
                                                        <expression name="expression">row["ORDERNUMBER"]</expression>
                                                    </structure>
                                                </list-property>
                                            </structure>
                                        </data>
                                    </cell>
                                    <cell id="76"/>
                                    <cell id="77"/>
                                    <cell id="78"/>
                                    <cell id="79"/>
                                    <cell id="80"/>
                                </row>
                            </header>
                            <footer>
                                <row id="81">
                                    <property name="style">group2</property>
                                    <cell id="82">
                                        <property name="borderBottomColor">#86BAC1</property>
                                        <property name="borderBottomStyle">solid</property>
                                        <property name="borderBottomWidth">thin</property>
                                    </cell>
                                    <cell id="83">
                                        <property name="borderBottomColor">#86BAC1</property>
                                        <property name="borderBottomStyle">solid</property>
                                        <property name="borderBottomWidth">thin</property>
                                    </cell>
                                    <cell id="84">
                                        <property name="borderBottomColor">#86BAC1</property>
                                        <property name="borderBottomStyle">solid</property>
                                        <property name="borderBottomWidth">thin</property>
                                    </cell>
                                    <cell id="85">
                                        <property name="borderBottomColor">#86BAC1</property>
                                        <property name="borderBottomStyle">solid</property>
                                        <property name="borderBottomWidth">thin</property>
                                    </cell>
                                    <cell id="86">
                                        <property name="colSpan">2</property>
                                        <property name="rowSpan">1</property>
                                        <property name="borderBottomColor">#86BAC1</property>
                                        <property name="borderBottomStyle">solid</property>
                                        <property name="borderBottomWidth">thin</property>
                                        <label id="95">
                                            <property name="textAlign">right</property>
                                            <text-property name="text">Order Total:</text-property>
                                        </label>
                                    </cell>
                                    <cell id="88">
                                        <property name="borderBottomColor">#86BAC1</property>
                                        <property name="borderBottomStyle">solid</property>
                                        <property name="borderBottomWidth">thin</property>
                                        <data name="set1" id="92">
                                            <structure name="numberFormat">
                                                <property name="category">Currency</property>
                                                <property name="pattern">$#,##0.00;$(#,##0.00)</property>
                                            </structure>
                                            <property name="textAlign">right</property>
                                            <property name="resultSetColumn">ORDERTOTAL</property>
                                        </data>
                                    </cell>
                                </row>
                            </footer>
                        </group>
                        <detail>
                            <row id="19">
                                <cell id="20"/>
                                <cell id="66"/>
                                <cell id="22">
                                    <data id="23">
                                        <structure name="dateTimeFormat">
                                            <property name="category">Short Date</property>
                                            <property name="pattern">Short Date</property>
                                        </structure>
                                        <property name="resultSetColumn">ORDERDATE</property>
                                        <structure name="action">
                                            <property name="linkType">none</property>
                                        </structure>
                                    </data>
                                </cell>
                                <cell id="24">
                                    <data id="25">
                                        <property name="resultSetColumn">STATUS</property>
                                    </data>
                                </cell>
                                <cell id="26">
                                    <data id="27">
                                        <property name="textAlign">center</property>
                                        <property name="resultSetColumn">QUANTITYORDERED</property>
                                    </data>
                                </cell>
                                <cell id="28">
                                    <data id="29">
                                        <structure name="numberFormat">
                                            <property name="category">Currency</property>
                                            <property name="pattern">$#,##0.00;$(#,##0.00)</property>
                                        </structure>
                                        <property name="textAlign">right</property>
                                        <property name="resultSetColumn">PRICEEACH</property>
                                    </data>
                                </cell>
                                <cell id="42">
                                    <data name="set" id="47">
                                        <structure name="numberFormat">
                                            <property name="category">Currency</property>
                                            <property name="pattern">$#,##0.00;$(#,##0.00)</property>
                                        </structure>
                                        <property name="textAlign">right</property>
                                        <property name="resultSetColumn">TOTALSALE</property>
                                    </data>
                                </cell>
                            </row>
                        </detail>
                        <footer>
                            <row id="30">
                                <cell id="31"/>
                                <cell id="68"/>
                                <cell id="32"/>
                                <cell id="33"/>
                                <cell id="34"/>
                                <cell id="35"/>
                                <cell id="43"/>
                            </row>
                        </footer>
                    </table>
                </cell>
            </row>
            <row id="249">
                <cell id="250">
                    <label id="170">
                        <property name="fontFamily">sans-serif</property>
                        <property name="fontSize">large</property>
                        <property name="fontWeight">bold</property>
                        <property name="color">#004080</property>
                        <property name="textAlign">center</property>
                        <property name="pageBreakBefore">always</property>
                        <text-property name="text">Customer Listing</text-property>
                    </label>
                </cell>
            </row>
            <row id="251">
                <cell id="252">
                    <table name="CustomerList" id="99">
                        <property name="borderBottomColor">#004080</property>
                        <property name="borderBottomStyle">solid</property>
                        <property name="borderBottomWidth">medium</property>
                        <property name="borderLeftColor">#004080</property>
                        <property name="borderLeftStyle">solid</property>
                        <property name="borderLeftWidth">medium</property>
                        <property name="borderRightColor">#004080</property>
                        <property name="borderRightStyle">solid</property>
                        <property name="borderRightWidth">medium</property>
                        <property name="borderTopColor">#004080</property>
                        <property name="borderTopStyle">solid</property>
                        <property name="borderTopWidth">medium</property>
                        <property name="pageBreakBefore">auto</property>
                        <property name="width">100%</property>
                        <property name="dataSet">setCustomerList</property>
                        <list-property name="boundDataColumns">
                            <structure>
                                <property name="name">CUSTOMERNAME</property>
                                <expression name="expression">dataSetRow["CUSTOMERNAME"]</expression>
                                <property name="dataType">string</property>
                            </structure>
                            <structure>
                                <property name="name">CONTACTLASTNAME</property>
                                <expression name="expression">dataSetRow["CONTACTLASTNAME"] + ", " + dataSetRow["CONTACTFIRSTNAME"]</expression>
                                <property name="dataType">string</property>
                            </structure>
                            <structure>
                                <property name="name">CONTACTFIRSTNAME</property>
                                <expression name="expression">dataSetRow["CONTACTFIRSTNAME"]</expression>
                                <property name="dataType">string</property>
                            </structure>
                            <structure>
                                <property name="name">PHONE</property>
                                <expression name="expression">dataSetRow["PHONE"]</expression>
                                <property name="dataType">string</property>
                            </structure>
                            <structure>
                                <property name="name">ADDRESSLINE1</property>
                                <expression name="expression">dataSetRow["ADDRESSLINE1"] + "\n" +
dataSetRow["CITY"] + ", " + dataSetRow["STATE"] + " " + dataSetRow["POSTALCODE"] + "\n" +
dataSetRow["COUNTRY"]</expression>
                                <property name="dataType">string</property>
                            </structure>
                            <structure>
                                <property name="name">ADDRESSLINE2</property>
                                <expression name="expression">dataSetRow["ADDRESSLINE2"]</expression>
                                <property name="dataType">string</property>
                            </structure>
                            <structure>
                                <property name="name">CITY</property>
                                <expression name="expression">dataSetRow["CITY"]</expression>
                                <property name="dataType">string</property>
                            </structure>
                            <structure>
                                <property name="name">STATE</property>
                                <expression name="expression">dataSetRow["STATE"]</expression>
                                <property name="dataType">string</property>
                            </structure>
                            <structure>
                                <property name="name">POSTALCODE</property>
                                <expression name="expression">dataSetRow["POSTALCODE"]</expression>
                                <property name="dataType">string</property>
                            </structure>
                            <structure>
                                <property name="name">COUNTRY</property>
                                <expression name="expression">dataSetRow["COUNTRY"]</expression>
                                <property name="dataType">string</property>
                            </structure>
                            <structure>
                                <property name="name">CREDITLIMIT</property>
                                <expression name="expression">dataSetRow["CREDITLIMIT"]</expression>
                                <property name="dataType">float</property>
                            </structure>
                        </list-property>
                        <column id="158"/>
                        <column id="159"/>
                        <column id="162"/>
                        <column id="168"/>
                        <header>
                            <row id="100">
                                <cell id="101">
                                    <label id="102">
                                        <text-property name="text">Customer</text-property>
                                    </label>
                                </cell>
                                <cell id="103">
                                    <label id="104">
                                        <text-property name="text">Contact</text-property>
                                    </label>
                                </cell>
                                <cell id="109">
                                    <label id="110">
                                        <text-property name="text">Address</text-property>
                                    </label>
                                </cell>
                                <cell id="121">
                                    <label id="122">
                                        <property name="textAlign">right</property>
                                        <text-property name="text">Credit Limit</text-property>
                                    </label>
                                </cell>
                            </row>
                        </header>
                        <detail>
                            <row id="123">
                                <cell id="124">
                                    <property name="borderBottomColor">#004080</property>
                                    <property name="borderBottomStyle">solid</property>
                                    <property name="borderBottomWidth">medium</property>
                                    <data id="125">
                                        <property name="resultSetColumn">CUSTOMERNAME</property>
                                    </data>
                                </cell>
                                <cell id="126">
                                    <property name="borderBottomColor">#004080</property>
                                    <property name="borderBottomStyle">solid</property>
                                    <property name="borderBottomWidth">medium</property>
                                    <data id="127">
                                        <property name="resultSetColumn">CONTACTLASTNAME</property>
                                    </data>
                                </cell>
                                <cell id="132">
                                    <property name="borderBottomColor">#004080</property>
                                    <property name="borderBottomStyle">solid</property>
                                    <property name="borderBottomWidth">medium</property>
                                    <data id="133">
                                        <property name="resultSetColumn">ADDRESSLINE1</property>
                                    </data>
                                </cell>
                                <cell id="144">
                                    <property name="borderBottomColor">#004080</property>
                                    <property name="borderBottomStyle">solid</property>
                                    <property name="borderBottomWidth">medium</property>
                                    <data id="145">
                                        <structure name="numberFormat">
                                            <property name="category">Currency</property>
                                            <property name="pattern">$#,##0.00;$(#,##0.00)</property>
                                        </structure>
                                        <property name="textAlign">right</property>
                                        <property name="resultSetColumn">CREDITLIMIT</property>
                                    </data>
                                </cell>
                            </row>
                        </detail>
                        <footer>
                            <row id="146">
                                <cell id="147"/>
                                <cell id="148"/>
                                <cell id="151"/>
                                <cell id="157"/>
                            </row>
                        </footer>
                    </table>
                </cell>
            </row>
        </grid>
    </body>
</report>