<?xml version="1.0" encoding="UTF-8"?>
<!-- Written by Eclipse BIRT 2.0 -->
<report xmlns="http://www.eclipse.org/birt/2005/design" version="3.2.2" id="1">
    <property name="createdBy">Eclipse BIRT Designer Version 2.1.0.N20060531-1258 Build &lt;20060531-1258&gt;</property>
    <property name="units">in</property>
    <property name="comments">Copyright (c) 2006 Actuate Corporation.</property>
    <property name="theme">Newsfeeds.Blue</property>
    <list-property name="libraries">
        <structure>
            <property name="fileName">Newsfeeds.rptlibrary</property>
            <property name="namespace">Newsfeeds</property>
        </structure>
    </list-property>
    <data-sets>
        <oda-data-set extensionID="org.eclipse.birt.report.data.oda.xml.dataSet" name="EclipseHeadlines" id="59" extends="Newsfeeds.EclipseHeadlines"/>
    </data-sets>
    <page-setup>
        <simple-master-page name="Simple MasterPage" id="2">
            <page-footer>
                <text id="3">
                    <property name="contentType">html</property>
                    <text-property name="content"><![CDATA[<value-of>new Date()</value-of>]]></text-property>
                </text>
            </page-footer>
        </simple-master-page>
    </page-setup>
    <body>
        <table id="60">
            <property name="fontFamily">"Arial"</property>
            <property name="width">100%</property>
            <property name="dataSet">EclipseHeadlines</property>
            <list-property name="boundDataColumns">
                <structure>
                    <property name="name">Channel Title</property>
                    <expression name="expression">dataSetRow["Channel Title"]</expression>
                    <property name="dataType">string</property>
                </structure>
                <structure>
                    <property name="name">Channel URL</property>
                    <expression name="expression">dataSetRow["Channel URL"]</expression>
                    <property name="dataType">string</property>
                </structure>
                <structure>
                    <property name="name">Channel Description</property>
                    <expression name="expression">dataSetRow["Channel Description"]</expression>
                    <property name="dataType">string</property>
                </structure>
                <structure>
                    <property name="name">Channel Logo URL</property>
                    <expression name="expression">dataSetRow["Channel Logo URL"]</expression>
                    <property name="dataType">string</property>
                </structure>
                <structure>
                    <property name="name">News Item</property>
                    <expression name="expression">dataSetRow["News Item"]</expression>
                    <property name="dataType">string</property>
                </structure>
                <structure>
                    <property name="name">News Item URL</property>
                    <expression name="expression">dataSetRow["News Item URL"]</expression>
                    <property name="dataType">string</property>
                </structure>
                <structure>
                    <property name="name">News Item Description</property>
                    <expression name="expression">dataSetRow["News Item Description"]</expression>
                    <property name="dataType">string</property>
                </structure>
                <structure>
                    <property name="name">News Item Publish Date</property>
                    <expression name="expression">dataSetRow["News Item Publish Date"]</expression>
                    <property name="dataType">string</property>
                </structure>
            </list-property>
            <column id="70">
                <property name="width">1.77in</property>
            </column>
            <column id="71">
                <property name="width">4.218in</property>
            </column>
            <header>
                <row id="61">
                    <cell id="62">
                        <property name="colSpan">2</property>
                        <property name="rowSpan">1</property>
                        <grid id="72">
                            <property name="width">100%</property>
                            <column id="73"/>
                            <row id="74">
                                <cell id="75">
                                    <grid id="78">
                                        <property name="width">100%</property>
                                        <column id="79">
                                            <property name="width">1.687in</property>
                                        </column>
                                        <column id="80">
                                            <property name="width">4.156in</property>
                                        </column>
                                        <row id="81">
                                            <cell id="82">
                                                <image id="90">
                                                    <expression name="uri">row["Channel Logo URL"]</expression>
                                                </image>
                                            </cell>
                                            <cell id="83">
                                                <data id="91">
                                                    <property name="fontWeight">bold</property>
                                                    <property name="resultSetColumn">Channel Title</property>
                                                </data>
                                            </cell>
                                        </row>
                                    </grid>
                                </cell>
                            </row>
                            <row id="76">
                                <cell id="77">
                                    <data id="92">
                                        <property name="resultSetColumn">Channel Description</property>
                                    </data>
                                </cell>
                            </row>
                        </grid>
                    </cell>
                </row>
            </header>
            <detail>
                <row id="64">
                    <cell id="65">
                        <grid id="84">
                            <property name="width">100%</property>
                            <column id="85"/>
                            <row id="86">
                                <cell id="87">
                                    <data id="94">
                                        <property name="fontWeight">bold</property>
                                        <property name="resultSetColumn">News Item</property>
                                        <structure name="action">
                                            <property name="linkType">hyperlink</property>
                                            <expression name="uri">row["News Item URL"]</expression>
                                            <property name="targetWindow">_blank</property>
                                        </structure>
                                    </data>
                                </cell>
                            </row>
                            <row id="88">
                                <cell id="89">
                                    <data id="95">
                                        <property name="fontSize">8pt</property>
                                        <property name="fontStyle">italic</property>
                                        <property name="resultSetColumn">News Item Publish Date</property>
                                    </data>
                                </cell>
                            </row>
                        </grid>
                    </cell>
                    <cell id="66">
                        <text-data id="93">
                            <expression name="valueExpr">row["News Item Description"]</expression>
                            <property name="contentType">html</property>
                        </text-data>
                    </cell>
                </row>
            </detail>
            <footer>
                <row id="67">
                    <cell id="68"/>
                    <cell id="69"/>
                </row>
            </footer>
        </table>
    </body>
</report>