<?xml version="1.0" encoding="UTF-8"?>
<!-- Written by Eclipse BIRT 2.0 -->
<report xmlns="http://www.eclipse.org/birt/2005/design" version="3.2.2" id="1">
    <property name="createdBy">Eclipse BIRT Designer Version 2.1.0.N20060531-1258 Build &lt;20060531-1258&gt;</property>
    <property name="units">in</property>
    <property name="comments">Copyright (c) 2006 Actuate Corporation.</property>
    <data-sources>
        <oda-data-source extensionID="org.eclipse.birt.report.data.oda.xml" name="Eclipse News Feed" id="48">
            <text-property name="displayName">Eclipse News Feed</text-property>
            <property name="FILELIST">http://www.eclipse.org/home/eclipsenews.rss</property>
            <property name="SCHEMAFILELIST"/>
        </oda-data-source>
    </data-sources>
    <data-sets>
        <oda-data-set extensionID="org.eclipse.birt.report.data.oda.xml.dataSet" name="Eclise News Headlines" id="49">
            <text-property name="displayName">Eclise News Headlines</text-property>
            <structure name="cachedMetaData">
                <list-property name="resultSet">
                    <structure>
                        <property name="position">1</property>
                        <property name="name">Channel Title</property>
                        <property name="dataType">string</property>
                    </structure>
                    <structure>
                        <property name="position">2</property>
                        <property name="name">Channel URL</property>
                        <property name="dataType">string</property>
                    </structure>
                    <structure>
                        <property name="position">3</property>
                        <property name="name">Channel Description</property>
                        <property name="dataType">string</property>
                    </structure>
                    <structure>
                        <property name="position">4</property>
                        <property name="name">Channel Image URL</property>
                        <property name="dataType">string</property>
                    </structure>
                    <structure>
                        <property name="position">5</property>
                        <property name="name">News Item Headline</property>
                        <property name="dataType">string</property>
                    </structure>
                    <structure>
                        <property name="position">6</property>
                        <property name="name">Link To News Item</property>
                        <property name="dataType">string</property>
                    </structure>
                    <structure>
                        <property name="position">7</property>
                        <property name="name">Short Description Of News Item</property>
                        <property name="dataType">string</property>
                    </structure>
                    <structure>
                        <property name="position">8</property>
                        <property name="name">Publish Date of News Item</property>
                        <property name="dataType">string</property>
                    </structure>
                </list-property>
            </structure>
            <property name="dataSource">Eclipse News Feed</property>
            <property name="queryText">table0#-TNAME-#table0#:#[/rss/channel/item]#:#{Channel Title;String;../title},{Channel URL;String;../link},{Channel Description;String;../description},{Channel Image URL;String;../image/url},{News Item Headline;String;/title},{Link To News Item;String;/link},{Short Description Of News Item;String;/description},{Publish Date of News Item;String;/pubDate}</property>
            <property name="MAX_ROW">-1</property>
            <property name="XML_FILE">http://www.eclipse.org/home/eclipsenews.rss</property>
        </oda-data-set>
    </data-sets>
    <page-setup>
        <simple-master-page name="Simple MasterPage" id="2">
            <page-footer>
                <text id="3">
                    <property name="contentType">html</property>
                    <text-property name="content"><![CDATA[<value-of>new Date()</value-of>]]></text-property>
                </text>
            </page-footer>
        </simple-master-page>
    </page-setup>
    <body>
        <grid id="4">
            <property name="width">100%</property>
            <column id="5"/>
            <column id="6"/>
            <row id="7">
                <cell id="8">
                    <image id="10">
                        <expression name="uri">"Classic-Models-Minimal-M-Trans (smaller).png"</expression>
                    </image>
                </cell>
                <cell id="9">
                    <text id="11">
                        <property name="fontFamily">"Arial"</property>
                        <property name="fontSize">x-large</property>
                        <property name="fontWeight">bold</property>
                        <property name="textAlign">right</property>
                        <property name="contentType">html</property>
                        <text-property name="content"><![CDATA[News Feed Using XML Data Source]]></text-property>
                    </text>
                </cell>
            </row>
        </grid>
        <table id="50">
            <property name="fontFamily">"Arial"</property>
            <property name="width">100%</property>
            <property name="dataSet">Eclise News Headlines</property>
            <list-property name="boundDataColumns">
                <structure>
                    <property name="name">Channel Title</property>
                    <expression name="expression">dataSetRow["Channel Title"]</expression>
                    <property name="dataType">string</property>
                </structure>
                <structure>
                    <property name="name">Channel URL</property>
                    <expression name="expression">dataSetRow["Channel URL"]</expression>
                    <property name="dataType">string</property>
                </structure>
                <structure>
                    <property name="name">Channel Description</property>
                    <expression name="expression">dataSetRow["Channel Description"]</expression>
                    <property name="dataType">string</property>
                </structure>
                <structure>
                    <property name="name">Channel Image URL</property>
                    <expression name="expression">dataSetRow["Channel Image URL"]</expression>
                    <property name="dataType">string</property>
                </structure>
                <structure>
                    <property name="name">News Item Headline</property>
                    <expression name="expression">dataSetRow["News Item Headline"]</expression>
                    <property name="dataType">string</property>
                </structure>
                <structure>
                    <property name="name">Link To News Item</property>
                    <expression name="expression">dataSetRow["Link To News Item"]</expression>
                    <property name="dataType">string</property>
                </structure>
                <structure>
                    <property name="name">Short Description Of News Item</property>
                    <expression name="expression">dataSetRow["Short Description Of News Item"]</expression>
                    <property name="dataType">string</property>
                </structure>
                <structure>
                    <property name="name">Publish Date of News Item</property>
                    <expression name="expression">dataSetRow["Publish Date of News Item"]</expression>
                    <property name="dataType">string</property>
                </structure>
            </list-property>
            <column id="63">
                <property name="width">2.989in</property>
            </column>
            <column id="64">
                <property name="width">3in</property>
            </column>
            <header>
                <row id="51">
                    <cell id="52">
                        <property name="colSpan">2</property>
                        <property name="rowSpan">1</property>
                        <grid id="66">
                            <property name="width">100%</property>
                            <column id="67">
                                <property name="width">1.583in</property>
                            </column>
                            <column id="68">
                                <property name="width">4.333in</property>
                            </column>
                            <row id="69">
                                <cell id="70">
                                    <image id="75">
                                        <expression name="uri">row["Channel Image URL"]</expression>
                                    </image>
                                </cell>
                                <cell id="71">
                                    <data id="76">
                                        <property name="fontWeight">bold</property>
                                        <property name="resultSetColumn">Channel Title</property>
                                        <structure name="action">
                                            <property name="linkType">hyperlink</property>
                                            <expression name="uri">row["Channel URL"]</expression>
                                            <property name="targetWindow">_blank</property>
                                        </structure>
                                    </data>
                                </cell>
                            </row>
                            <row id="72">
                                <cell id="73">
                                    <property name="colSpan">2</property>
                                    <property name="rowSpan">1</property>
                                    <data id="77">
                                        <property name="fontWeight">bold</property>
                                        <property name="resultSetColumn">Channel Description</property>
                                    </data>
                                </cell>
                            </row>
                        </grid>
                    </cell>
                </row>
            </header>
            <detail>
                <row id="54">
                    <cell id="55">
                        <grid id="78">
                            <property name="width">100%</property>
                            <column id="79"/>
                            <row id="80">
                                <cell id="81">
                                    <data id="84">
                                        <property name="fontWeight">bold</property>
                                        <property name="resultSetColumn">News Item Headline</property>
                                        <structure name="action">
                                            <property name="linkType">hyperlink</property>
                                            <expression name="uri">row["Link To News Item"]</expression>
                                            <property name="targetWindow">_blank</property>
                                        </structure>
                                    </data>
                                </cell>
                            </row>
                            <row id="82">
                                <cell id="83">
                                    <data id="85">
                                        <property name="fontSize">8pt</property>
                                        <property name="fontStyle">italic</property>
                                        <property name="resultSetColumn">Publish Date of News Item</property>
                                    </data>
                                </cell>
                            </row>
                        </grid>
                    </cell>
                    <cell id="56">
                        <text-data id="87">
                            <property name="fontSize">8pt</property>
                            <expression name="valueExpr">row["Short Description Of News Item"]</expression>
                            <property name="contentType">html</property>
                        </text-data>
                    </cell>
                </row>
                <row id="57">
                    <cell id="58">
                        <property name="colSpan">2</property>
                        <property name="rowSpan">1</property>
                        <text id="65">
                            <property name="contentType">html</property>
                            <text-property name="content"><![CDATA[<HR>]]></text-property>
                        </text>
                    </cell>
                </row>
            </detail>
            <footer>
                <row id="60">
                    <cell id="61"/>
                    <cell id="62"/>
                </row>
            </footer>
        </table>
    </body>
</report>